id,qs_rank,country_territory,region,name,description,country,city,latitude,longitude,website,image_url,institution_profile,teaching_languages,cost_city,costs_country
229,401,Szwecja,Europa,Uniwersytet w Umeå,"Uniwersytet w Umeå to szwedzki uniwersytet o szerokim profilu kształcenia i badań. Uczelnia łączy programy humanistyczne, społeczne, przyrodnicze lub techniczne z projektami naukowymi oraz współpracą międzynarodową.",Szwecja,Umeå Municipality,63.820555555,20.303611111,https://www.umu.se,http://commons.wikimedia.org/wiki/Special:FilePath/Ume%C3%A5%20University%20Campus%20pond-2012-06-06.jpg,ogólny,"szwedzki, angielski",,
282,181,Wielka Brytania,Europa,Uniwersytet w Cardiff,"Uniwersytet w Cardiff to brytyjski uniwersytet o szerokim profilu kształcenia i badań. Uczelnia łączy programy humanistyczne, społeczne, przyrodnicze lub techniczne z projektami naukowymi oraz współpracą międzynarodową.",Wielka Brytania,,51.487433333,-3.178230555,https://cardiff.ac.uk/,http://commons.wikimedia.org/wiki/Special:FilePath/Cardiff%20University%20main%20building.jpg,ogólny,angielski,,
310,1001-1200,Ukraina,Europa,Sumski Uniwersytet Państwowy,"Sumski Uniwersytet Państwowy to ukraiński uniwersytet publiczny o szerokiej ofercie kształcenia i zapleczu badawczym z siedzibą w Sumy. Uczelnia rozwija kierunki humanistyczne, społeczne, przyrodnicze i techniczne, a jej znaczenie często wykracza poza region, w którym działa.",Ukraina,Sumy,50.892200000,34.841700000,https://sumdu.edu.ua/,http://commons.wikimedia.org/wiki/Special:FilePath/Sumdu.jpg,ogólny,"angielski, język lokalny",Kharkiv,Ukraine
245,643,Finlandia,Europa,Åbo Akademi University,"Åbo Akademi University to fiński uniwersytet o szerokim profilu kształcenia i badań z siedzibą w Turku. Uczelnia łączy programy humanistyczne, społeczne, przyrodnicze lub techniczne z projektami naukowymi oraz współpracą międzynarodową.",Finlandia,Turku,60.453888888,22.278611111,https://www.abo.fi/,http://commons.wikimedia.org/wiki/Special:FilePath/%C3%85bo%20Akademi%20main%20building.jpg,ogólny,"fiński, szwedzki, angielski",Turku,Finland
402,711-720,Rosja,Europa,ITMO University,"ITMO University to międzynarodowy uniwersytet o szerokim profilu kształcenia i badań. Uczelnia łączy programy humanistyczne, społeczne, przyrodnicze lub techniczne z projektami naukowymi oraz współpracą międzynarodową.",Kyrgyzstan,,39.476153055,72.964055000,,,ogólny,"angielski, język lokalny",,
190,801-850,Polska,Europa,Akademia Górniczo-Hutnicza im. Stanisława Staszica w Krakowie,"Akademia Górniczo-Hutnicza im. Stanisława Staszica w Krakowie to polska uczelnia techniczna szczególnie silna w inżynierii, informatyce, automatyce, energetyce, geologii i materiałoznawstwie. Uczelnia ma bardzo praktyczny profil i rozbudowaną współpracę z przemysłem oraz sektorem nowych technologii.",Polska,Kraków,50.064528000,19.923750000,https://www.agh.edu.pl/,http://commons.wikimedia.org/wiki/Special:FilePath/Gmach%20g%C5%82%C3%B3wny%20AGH.jpg,techniczny,"polski, angielski",Warsaw,Poland
428,851-900,Rosja,Europa,Ałtajski Uniwersytet Państwowy,"Ałtajski Uniwersytet Państwowy to rosyjski uniwersytet publiczny o szerokiej ofercie kształcenia i zapleczu badawczym z siedzibą w Barnaul. Uczelnia rozwija kierunki humanistyczne, społeczne, przyrodnicze i techniczne, a jej znaczenie często wykracza poza region, w którym działa.",Rosja,Barnaul,53.350000000,83.783000000,https://www.asu.ru/,http://commons.wikimedia.org/wiki/Special:FilePath/Architecture%20of%20Barnaul-2021%20-%2026.jpeg,ogólny,"angielski, język lokalny",Novosibirsk,Russia
232,951-1000,Rosja,Europa,Bałtycki Uniwersytet Federalny im. Immanuela Kanta,"Bałtycki Uniwersytet Federalny im. Immanuela Kanta to rosyjski uniwersytet publiczny o szerokiej ofercie kształcenia i zapleczu badawczym z siedzibą w Kaliningrad. Uczelnia rozwija kierunki humanistyczne, społeczne, przyrodnicze i techniczne, a jej znaczenie często wykracza poza region, w którym działa.",Rosja,Kaliningrad,54.724594400,20.528044400,http://www.kantiana.ru/,http://commons.wikimedia.org/wiki/Special:FilePath/101-0160%20IMG.JPG,ogólny,"angielski, język lokalny",Kaliningrad,Russia
277,851-900,Białoruś,Europa,Białoruski Narodowy Uniwersytet Techniczny,"Białoruski Narodowy Uniwersytet Techniczny to białoruska uczelnia techniczna skoncentrowana na inżynierii, naukach ścisłych i technologiach stosowanych. Szczególnie dobrze pasuje do osób zainteresowanych laboratoriami, projektami badawczo-rozwojowymi, informatyką, automatyką, energetyką lub współpracą z przemysłem.",Białoruś,Savyetski District,53.920833330,27.592777780,http://www.bntu.by/,http://commons.wikimedia.org/wiki/Special:FilePath/Main%20building%20of%20BNTU.jpg,techniczny,"angielski, język lokalny",Minsk,Belarus
275,447,Białoruś,Europa,Białoruski Uniwersytet Państwowy,"Białoruski Uniwersytet Państwowy to białoruski uniwersytet publiczny o szerokiej ofercie kształcenia i zapleczu badawczym z siedzibą w Minsk. Uczelnia rozwija kierunki humanistyczne, społeczne, przyrodnicze i techniczne, a jej znaczenie często wykracza poza region, w którym działa.",Białoruś,Minsk,53.893889000,27.546944000,http://www.bsu.by,http://commons.wikimedia.org/wiki/Special:FilePath/Belarus-Minsk-BSU-Rector%27s%20Office-2.jpg,ogólny,"angielski, język lokalny",Minsk,Belarus
312,1401+,Rosja,Europa,Biełgorodzki Uniwersytet Państwowy,"Biełgorodzki Uniwersytet Państwowy to rosyjski uniwersytet publiczny o szerokiej ofercie kształcenia i zapleczu badawczym z siedzibą w Belgorod. Uczelnia rozwija kierunki humanistyczne, społeczne, przyrodnicze i techniczne, a jej znaczenie często wykracza poza region, w którym działa.",Rosja,Belgorod,50.594100000,36.576900000,https://bsuedu.ru/en/,http://commons.wikimedia.org/wiki/Special:FilePath/Belgorod%20State%20University%20in%20september.jpg,ogólny,"angielski, język lokalny",Voronezh,Russia
30,388,Wielka Brytania,Europa,"Birkbeck, University of London","Birkbeck, University of London to brytyjski uniwersytet badawczy o szerokim profilu akademickim. Dzięki położeniu w dużym ośrodku miejskim uczelnia oferuje dobre warunki do współpracy z instytucjami publicznymi, firmami, organizacjami kultury i partnerami międzynarodowymi.",Wielka Brytania,London Borough of Camden,51.521876306,-0.130325330,https://bbk.ac.uk,http://commons.wikimedia.org/wiki/Special:FilePath/Birkbeck%20College%2C%20University%20of%20London.jpg,ogólny,angielski,London,United Kingdom
42,385,Wielka Brytania,Europa,Brunel University of London,"Brunel University of London to brytyjski uniwersytet badawczy o szerokim profilu akademickim. Dzięki położeniu w dużym ośrodku miejskim uczelnia oferuje dobre warunki do współpracy z instytucjami publicznymi, firmami, organizacjami kultury i partnerami międzynarodowymi.",Wielka Brytania,London Borough of Hillingdon,51.532777777,-0.472777777,https://www.brunel.ac.uk/,http://commons.wikimedia.org/wiki/Special:FilePath/The%20Wilfred%20Brown%20Building%20at%20Brunel%20University%20-%20geograph.org.uk%20-%201518813.jpg,ogólny,angielski,London,United Kingdom
108,165,Szwecja,Europa,Chalmers University of Technology,"Chalmers University of Technology to szwedzka uczelnia techniczna skoncentrowana na inżynierii, naukach ścisłych i technologiach stosowanych. Szczególnie dobrze pasuje do osób zainteresowanych laboratoriami, projektami badawczo-rozwojowymi, informatyką, automatyką, energetyką lub współpracą z przemysłem.",Szwecja,Gothenburg Municipality,57.688333333,11.976666666,http://www.chalmers.se/,http://commons.wikimedia.org/wiki/Special:FilePath/Chalmers%20entrance.jpg,techniczny,angielski,Gothenburg,Sweden
311,1201-1400,Ukraina,Europa,Charkowski Narodowy Uniwersytet Radioelektroniki,"Charkowski Narodowy Uniwersytet Radioelektroniki to ukraiński uniwersytet publiczny o szerokiej ofercie kształcenia i zapleczu badawczym z siedzibą w Kharkiv. Uczelnia rozwija kierunki humanistyczne, społeczne, przyrodnicze i techniczne, a jej znaczenie często wykracza poza region, w którym działa.",Ukraina,Kharkiv,50.015000000,36.227777780,https://nure.ua/,http://commons.wikimedia.org/wiki/Special:FilePath/KharkovRadioInstituteWinter.jpg,ogólny,"angielski, język lokalny",Kharkiv,Ukraine
89,618,Niemcy,Europa,Christian-Albrechts-Universität zu Kiel,"Christian-Albrechts-Universität zu Kiel to niemiecki uniwersytet o szerokim profilu kształcenia i badań z siedzibą w Schleswig-Holstein. Uczelnia łączy programy humanistyczne, społeczne, przyrodnicze lub techniczne z projektami naukowymi oraz współpracą międzynarodową.",Niemcy,Schleswig-Holstein,54.338888888,10.122500000,https://www.uni-kiel.de/de/,http://commons.wikimedia.org/wiki/Special:FilePath/Olshausenstrasse%20Kiel%20Zugang%20Uni.jpg,ogólny,"niemiecki, angielski",Kiel,Germany
23,310,Wielka Brytania,Europa,"City St George’s, University of London","City St George’s, University of London to brytyjski uniwersytet badawczy o szerokim profilu akademickim. Dzięki położeniu w dużym ośrodku miejskim uczelnia oferuje dobre warunki do współpracy z instytucjami publicznymi, firmami, organizacjami kultury i partnerami międzynarodowymi.",Wielka Brytania,London,51.527800000,-0.102300000,https://citystgeorges.ac.uk,,ogólny,angielski,London,United Kingdom
136,416,Czechy,Europa,Czeski Uniwersytet Techniczny w Pradze,"Czeski Uniwersytet Techniczny w Pradze to czeska uczelnia techniczna skoncentrowana na inżynierii, naukach ścisłych i technologiach stosowanych z siedzibą w Prague. Szczególnie dobrze pasuje do osób zainteresowanych laboratoriami, projektami badawczo-rozwojowymi, informatyką, automatyką, energetyką lub współpracą z przemysłem.",Czechy,Prague,50.102166666,14.388472222,https://cvut.cz,http://commons.wikimedia.org/wiki/Special:FilePath/CVUT%20Karlovo%20namesti.jpg,techniczny,"czeski, angielski",dane krajowe (Eurostat 2020),Czech Republic
130,731-740,Rosja,Europa,Dalekowschodni Uniwersytet Federalny,"Dalekowschodni Uniwersytet Federalny to rosyjski uniwersytet publiczny o szerokiej ofercie kształcenia i zapleczu badawczym z siedzibą w Primorsky Krai. Uczelnia rozwija kierunki humanistyczne, społeczne, przyrodnicze i techniczne, a jej znaczenie często wykracza poza region, w którym działa.",Rosja,Primorsky Krai,43.029166666,131.891944444,https://www.dvfu.ru/,http://commons.wikimedia.org/wiki/Special:FilePath/Far%20Eastern%20Federal%20University%202.JPG,ogólny,"angielski, język lokalny",Vladivostok,Russia
374,410,Irlandia,Europa,Dublin City University,"Dublin City University to irlandzki uniwersytet o szerokim profilu kształcenia i badań z siedzibą w Dublin. Uczelnia łączy programy humanistyczne, społeczne, przyrodnicze lub techniczne z projektami naukowymi oraz współpracą międzynarodową.",Irlandia,Dublin,53.384952777,-6.256541666,https://www.dcu.ie/,http://commons.wikimedia.org/wiki/Special:FilePath/Central%20Mall%20DCU.JPG,ogólny,angielski,Dublin,Ireland
114,107,Dania,Europa,Duński Uniwersytet Techniczny,"Duński Uniwersytet Techniczny to duńska uczelnia techniczna skoncentrowana na inżynierii, naukach ścisłych i technologiach stosowanych. Szczególnie dobrze pasuje do osób zainteresowanych laboratoriami, projektami badawczo-rozwojowymi, informatyką, automatyką, energetyką lub współpracą z przemysłem.",Dania,Copenhagen,55.786154962,12.523358653,http://www.dtu.dk,http://commons.wikimedia.org/wiki/Special:FilePath/DTU%2003-05-06%2003.jpg,techniczny,angielski,Copenhagen,Denmark
377,22,Szwajcaria,Europa,EPFL,"EPFL to jedna z dwóch federalnych politechnik Szwajcarii, znana z badań w inżynierii, informatyce, naukach przyrodniczych i architekturze. Kampus w Lozannie tworzy silne środowisko dla projektów laboratoryjnych, startupów i współpracy technologicznej.",Szwajcaria,Lausanne,46.520277777,6.565555555,https://www.epfl.ch/,,techniczny,"niemiecki, francuski, włoski, angielski",Lausanne,Switzerland
412,7,Szwajcaria,Europa,ETH Zurich,"ETH Zurich to szwajcarska uczelnia techniczna specjalizująca się w naukach ścisłych, inżynierii, architekturze i technologiach cyfrowych. Jest rozpoznawalna dzięki bardzo silnym badaniom podstawowym i zastosowaniowym oraz międzynarodowemu środowisku naukowemu.",Szwajcaria,Zurich,47.376450000,8.547850000,https://www.ethz.ch/,http://commons.wikimedia.org/wiki/Special:FilePath/ETH%20Zurich%20from%20Polyterrace.jpg,techniczny,"niemiecki, francuski, włoski, angielski",Zurich,Switzerland
317,1001-1200,Rosja,Europa,Financial University under the Government of the Rosja,"Financial University under the Government of the Rosja to rosyjski uniwersytet o szerokim profilu kształcenia i badań z siedzibą w Moscow. Uczelnia łączy programy humanistyczne, społeczne, przyrodnicze lub techniczne z projektami naukowymi oraz współpracą międzynarodową.",Rosja,Moscow,55.800651000,37.529340000,https://www.fa.ru/,http://commons.wikimedia.org/wiki/Special:FilePath/Finuniver%20mainbuilding.jpg,ogólny,"angielski, język lokalny",Moscow,Russia
18,711-720,Wielka Brytania,Europa,"Goldsmiths, University of London","Goldsmiths, University of London to brytyjska uczelnia znana z kierunków kreatywnych, humanistycznych, społecznych i projektowych. Jej programy często łączą praktykę artystyczną z badaniami nad kulturą, mediami, społeczeństwem i nowymi formami komunikacji.",Wielka Brytania,London Borough of Lewisham,51.474269444,-0.035411111,https://gold.ac.uk,http://commons.wikimedia.org/wiki/Special:FilePath/Goldsmiths%20Main%20Building.jpg,ogólny,angielski,London,United Kingdom
217,1401+,Wielka Brytania,Europa,Harper Adams University,"Harper Adams University to brytyjska uczelnia o profilu związanym z naukami o życiu, rolnictwem, środowiskiem i technologiami żywności z siedzibą w Newport. Uczelnia jest dobrym wyborem dla kandydatów zainteresowanych zrównoważonym rozwojem, gospodarką zasobami naturalnymi i praktycznymi badaniami terenowymi.",Wielka Brytania,Newport,52.779700000,-2.427520000,http://www.harper-adams.ac.uk,,ogólny,angielski,Newport,United Kingdom
323,440,Rosja,Europa,Higher School of Economics,"Higher School of Economics to rosyjska uczelnia lub szkoła wyższa o silnym profilu ekonomicznym, menedżerskim i społecznym z siedzibą w Moscow. Wyróżnia się programami związanymi z biznesem, finansami, analizą danych, administracją lub polityką publiczną, często prowadzonymi w środowisku międzynarodowym.",Rosja,Moscow,55.761150000,37.635210000,http://www.hse.ru/,http://commons.wikimedia.org/wiki/Special:FilePath/HSE%20new%20building%20%282015-01-22%29%2001.jpg,biznesowy,"angielski, język lokalny",Moscow,Russia
289,438,Hiszpania,Europa,IE University,"IE University to hiszpańska uczelnia lub szkoła wyższa o silnym profilu ekonomicznym, menedżerskim i społecznym z siedzibą w Madrid. Wyróżnia się programami związanymi z biznesem, finansami, analizą danych, administracją lub polityką publiczną, często prowadzonymi w środowisku międzynarodowym.",Hiszpania,Madrid,40.478171016,-3.687769153,https://www.ie.edu/es/universidad/,http://commons.wikimedia.org/wiki/Special:FilePath/Iglesia%20de%20Santa%20Cruz%20la%20Real%20%28Segovia%29%20Portada.jpg,ogólny,"hiszpański, angielski",Madrid,Spain
33,2,Wielka Brytania,Europa,Imperial College London,"Imperial College London to jedna z czołowych uczelni STEMB, skupiona na nauce, technologii, inżynierii, medycynie i biznesie. Jej londyńskie kampusy są silnie związane z badaniami nad zdrowiem, klimatem, energią i innowacjami.",Wielka Brytania,Royal Borough of Kensington and Chelsea,51.498308000,-0.176882000,https://www.imperial.ac.uk/,http://commons.wikimedia.org/wiki/Special:FilePath/Imperial%20College%20London%20down%20Exhibition%20Road.jpg,ogólny,angielski,London,United Kingdom
346,406,Francja,Europa,Institut National des Sciences Appliquées de Lyon,"Institut National des Sciences Appliquées de Lyon to francuski uniwersytet o szerokim profilu kształcenia i badań. Uczelnia łączy programy humanistyczne, społeczne, przyrodnicze lub techniczne z projektami naukowymi oraz współpracą międzynarodową.",Francja,Lyon,45.781388890,4.872222220,https://www.insa-lyon.fr,http://commons.wikimedia.org/wiki/Special:FilePath/Biblioth%C3%A8que%20Marie%20Curie%20%28INSA%20Lyon%29%2C%20rayonnage%20%281%29.jpg,ogólny,"francuski, angielski",Lyon,France
205,41,Francja,Europa,Institut Polytechnique de Paris,"Institut Polytechnique de Paris to francuski uniwersytet badawczy o szerokim profilu akademickim z siedzibą w Palaiseau. Dzięki położeniu w dużym ośrodku miejskim uczelnia oferuje dobre warunki do współpracy z instytucjami publicznymi, firmami, organizacjami kultury i partnerami międzynarodowymi.",Francja,Palaiseau,48.710709000,2.219011000,https://www.ip-paris.fr/,http://commons.wikimedia.org/wiki/Special:FilePath/Campus%20Ecole%20polytechnique%20de%20palaiseau.jpg,ogólny,"francuski, angielski",Paris,France
431,711-720,Portugalia,Europa,ISCTE - Instituto Universitario de Lisboa,"ISCTE - Instituto Universitario de Lisboa to portugalska uczelnia lub szkoła wyższa o silnym profilu ekonomicznym, menedżerskim i społecznym z siedzibą w Lisbon. Wyróżnia się programami związanymi z biznesem, finansami, analizą danych, administracją lub polityką publiczną, często prowadzonymi w środowisku międzynarodowym.",Portugalia,Lisbon,38.748888888,-9.153888888,http://iscte-iul.pt/,,ogólny,"portugalski, angielski",Lisbon,Portugal
420,496,Niemcy,Europa,Justus-Liebig-Universität Gießen,"Justus-Liebig-Universität Gießen to niemiecki uniwersytet o szerokim profilu kształcenia i badań z siedzibą w Giessen. Uczelnia łączy programy humanistyczne, społeczne, przyrodnicze lub techniczne z projektami naukowymi oraz współpracą międzynarodową.",Niemcy,Giessen,50.580833333,8.676388888,https://www.uni-giessen.de/,http://commons.wikimedia.org/wiki/Special:FilePath/2004-JLU%20Gie%C3%9Fen%20Sicherlich.jpg,ogólny,"niemiecki, angielski",Frankfurt,Germany
9,98,Niemcy,Europa,Karlsruhe Institute of Technology,"Karlsruhe Institute of Technology to niemiecka uczelnia techniczna skoncentrowana na inżynierii, naukach ścisłych i technologiach stosowanych z siedzibą w Karlsruhe. Szczególnie dobrze pasuje do osób zainteresowanych laboratoriami, projektami badawczo-rozwojowymi, informatyką, automatyką, energetyką lub współpracą z przemysłem.",Niemcy,Karlsruhe,49.099600000,8.407000000,https://www.kit.edu/,http://commons.wikimedia.org/wiki/Special:FilePath/Karlsruhe%20Uni%20Hauptgebaeude.jpg,techniczny,"niemiecki, angielski",Karlsruhe,Germany
203,265,Hiszpania,Europa,Universitat Pompeu Fabra,"Universitat Pompeu Fabra to hiszpański uniwersytet o szerokim profilu kształcenia i badań z siedzibą w Barcelona. Uczelnia łączy programy humanistyczne, społeczne, przyrodnicze lub techniczne z projektami naukowymi oraz współpracą międzynarodową.",Hiszpania,Barcelona,41.379166666,2.179508333,https://www.upf.edu,http://commons.wikimedia.org/wiki/Special:FilePath/Pla%C3%A7a%20de%20la%20Merc%C3%A8%20-%20Rectorat%20de%20la%20Universitat%20Pompeu%20Fabra.JPG,ogólny,"hiszpański, angielski",Barcelona,Spain
339,191,Belgia,Europa,Katolicki Uniwersytet Lowański,"Katolicki Uniwersytet Lowański to belgijski uniwersytet o szerokim profilu kształcenia i badań z siedzibą w Ottignies-Louvain-la-Neuve. Uczelnia łączy programy humanistyczne, społeczne, przyrodnicze lub techniczne z projektami naukowymi oraz współpracą międzynarodową.",Belgia,Ottignies-Louvain-la-Neuve,50.669687000,4.615591000,https://uclouvain.be/,http://commons.wikimedia.org/wiki/Special:FilePath/Belgique%20-%20Brabant%20wallon%20-%20Halles%20universitaires%20de%20Louvain-la-Neuve%20-%2001.jpg,ogólny,"francuski, angielski",Leuven,Belgium
437,409,Włochy,Europa,Katolicki Uniwersytet Najświętszego Serca,"Katolicki Uniwersytet Najświętszego Serca to włoski uniwersytet o szerokim profilu kształcenia i badań z siedzibą w Milan. Uczelnia łączy programy humanistyczne, społeczne, przyrodnicze lub techniczne z projektami naukowymi oraz współpracą międzynarodową.",Włochy,Milan,45.463100000,9.176911111,http://www.unicatt.it/ucsc.asp,http://commons.wikimedia.org/wiki/Special:FilePath/HDR%20-%20Chiostro%20Universit%C3%A0%20Cattolica.jpg,ogólny,"włoski, angielski",Milan,Italy
435,781-790,Portugalia,Europa,Katolicki Uniwersytet Portugalski,"Katolicki Uniwersytet Portugalski to portugalski uniwersytet o szerokim profilu kształcenia i badań z siedzibą w Lisbon. Uczelnia łączy programy humanistyczne, społeczne, przyrodnicze lub techniczne z projektami naukowymi oraz współpracą międzynarodową.",Portugalia,Lisbon,38.749074000,-9.165963000,https://www.ucp.pt,http://commons.wikimedia.org/wiki/Special:FilePath/UCP%20Lisboa%20%28Sede%29.jpg,ogólny,"portugalski, angielski",Lisbon,Portugal
350,1401+,Rosja,Europa,Kazański Narodowy Badawczy Uniwersytet Technologiczny,"Kazański Narodowy Badawczy Uniwersytet Technologiczny to rosyjska uczelnia techniczna skoncentrowana na inżynierii, naukach ścisłych i technologiach stosowanych z siedzibą w Kazan. Szczególnie dobrze pasuje do osób zainteresowanych laboratoriami, projektami badawczo-rozwojowymi, informatyką, automatyką, energetyką lub współpracą z przemysłem.",Rosja,Kazan,55.785900000,49.145100000,http://www.kstu.ru/,http://commons.wikimedia.org/wiki/Special:FilePath/Kazan-khti-main.jpg,ogólny,"angielski, język lokalny",Kazan,Russia
349,450,Rosja,Europa,Kazański Uniwersytet Federalny,"Kazański Uniwersytet Federalny to rosyjski uniwersytet publiczny o szerokiej ofercie kształcenia i zapleczu badawczym z siedzibą w Kazan. Uczelnia rozwija kierunki humanistyczne, społeczne, przyrodnicze i techniczne, a jej znaczenie często wykracza poza region, w którym działa.",Rosja,Kazan,55.790750000,49.121911111,https://kpfu.ru/,http://commons.wikimedia.org/wiki/Special:FilePath/Kazan%20State%20University%20from%20the%202%20Korpus.jpg,ogólny,"angielski, język lokalny",Kazan,Russia
308,721-730,Ukraina,Europa,Kijowski Uniwersytet Narodowy im. Tarasa Szewczenki,"Kijowski Uniwersytet Narodowy im. Tarasa Szewczenki to ukraiński uniwersytet publiczny o szerokiej ofercie kształcenia i zapleczu badawczym z siedzibą w Kyiv. Uczelnia rozwija kierunki humanistyczne, społeczne, przyrodnicze i techniczne, a jej znaczenie często wykracza poza region, w którym działa.",Ukraina,Kyiv,50.441903000,30.511314000,https://knu.ua/,http://commons.wikimedia.org/wiki/Special:FilePath/Universidad%20Roja%20de%20Kiev.jpg,ogólny,"ukraiński, angielski",Kyiv,Ukraine
26,31,Wielka Brytania,Europa,King’s College London,"King’s College London to uniwersytet badawczy o mocnej pozycji w medycynie, naukach o zdrowiu, prawie, humanistyce i naukach społecznych. Dzięki położeniu w centrum Londynu uczelnia ma bliskie powiązania z instytucjami publicznymi, szpitalami i sektorem międzynarodowym.",Wielka Brytania,London Borough of Lambeth,51.511944444,-0.116111111,https://kcl.ac.uk/,http://commons.wikimedia.org/wiki/Special:FilePath/Strand102.jpg,ogólny,angielski,London,United Kingdom
36,660,Wielka Brytania,Europa,Kingston University London,"Kingston University London to brytyjski uniwersytet badawczy o szerokim profilu akademickim. Dzięki położeniu w dużym ośrodku miejskim uczelnia oferuje dobre warunki do współpracy z instytucjami publicznymi, firmami, organizacjami kultury i partnerami międzynarodowymi.",Wielka Brytania,Royal Borough of Kingston upon Thames,51.403500000,-0.303900000,https://www.kingston.ac.uk/,http://commons.wikimedia.org/wiki/Special:FilePath/Knights%20Park%20Campus.jpg,ogólny,angielski,London,United Kingdom
173,78,Szwecja,Europa,KTH Royal Institute of Technology,"KTH Royal Institute of Technology to największa uczelnia techniczna w Szwecji, silna w inżynierii, architekturze, informatyce i technologiach zrównoważonych. Jej położenie w Sztokholmie sprzyja współpracy z firmami technologicznymi i sektorem innowacji.",Szwecja,Stockholm,59.347222222,18.072777777,https://www.kth.se,http://commons.wikimedia.org/wiki/Special:FilePath/Royal%20institute%20of%20technology%20Sweden%2020050616.jpg,techniczny,"szwedzki, angielski",Stockholm,Sweden
444,433,Niemcy,Europa,Leibniz Universität Hannover,"Leibniz Universität Hannover to niemiecki uniwersytet o szerokim profilu kształcenia i badań z siedzibą w Hanover. Uczelnia łączy programy humanistyczne, społeczne, przyrodnicze lub techniczne z projektami naukowymi oraz współpracą międzynarodową.",Niemcy,Hanover,52.382222222,9.717777777,https://www.uni-hannover.de/,http://commons.wikimedia.org/wiki/Special:FilePath/Hannover%20Welfenschloss%20%28um%201895%29.jpg,ogólny,"niemiecki, angielski",Hannover,Germany
101,643,Włochy,Europa,Libera Universita' di Bolzano,"Libera Universita' di Bolzano to włoski uniwersytet o szerokim profilu kształcenia i badań z siedzibą w Bolzano. Uczelnia łączy programy humanistyczne, społeczne, przyrodnicze lub techniczne z projektami naukowymi oraz współpracą międzynarodową.",Włochy,Bolzano,46.497925000,11.349438888,https://www.unibz.it,http://commons.wikimedia.org/wiki/Special:FilePath/University%20of%20Bozen%201%20%2896%29.jpg,ogólny,"włoski, angielski",Trento,Italy
27,56,Wielka Brytania,Europa,London School of Economics and Political Science,"London School of Economics and Political Science to wyspecjalizowana uczelnia skoncentrowana na ekonomii, polityce, prawie, socjologii i stosunkach międzynarodowych. Jej profil jest szczególnie atrakcyjny dla osób zainteresowanych analizą społeczną, finansami, administracją publiczną i global governance.",Wielka Brytania,London,51.513888888,-0.116666666,https://lse.ac.uk,http://commons.wikimedia.org/wiki/Special:FilePath/LondonSchoolofEconomics%20cford.jpg,biznesowy,angielski,London,United Kingdom
280,397,Finlandia,Europa,LUT University,"LUT University to fińska uczelnia techniczna skoncentrowana na inżynierii, naukach ścisłych i technologiach stosowanych z siedzibą w Lahti. Szczególnie dobrze pasuje do osób zainteresowanych laboratoriami, projektami badawczo-rozwojowymi, informatyką, automatyką, energetyką lub współpracą z przemysłem.",Finlandia,Lahti,61.064560000,28.090240000,https://www.lut.fi/,http://commons.wikimedia.org/wiki/Special:FilePath/Lappeenranta%20University%20of%20Technology%20in%202011.jpg,techniczny,"fiński, szwedzki, angielski",dane krajowe (Eurostat 2020),Finland
260,1201-1400,Ukraina,Europa,Lwowski Uniwersytet Narodowy im. Iwana Franki,"Lwowski Uniwersytet Narodowy im. Iwana Franki to ukraiński uniwersytet publiczny o szerokiej ofercie kształcenia i zapleczu badawczym z siedzibą w Lviv. Uczelnia rozwija kierunki humanistyczne, społeczne, przyrodnicze i techniczne, a jej znaczenie często wykracza poza region, w którym działa.",Ukraina,Lviv,49.840488000,24.022464000,https://lnu.edu.ua/,http://commons.wikimedia.org/wiki/Special:FilePath/University%20Lviv%202009%201.JPG,ogólny,"angielski, język lokalny",Lviv,Ukraine
255,1201-1400,Łotwa,Europa,Łotewski Uniwersytet Nauk Przyrodniczych i Technologii,"Łotewski Uniwersytet Nauk Przyrodniczych i Technologii to łotewska uczelnia o profilu związanym z naukami o życiu, rolnictwem, środowiskiem i technologiami żywności z siedzibą w Riga. Uczelnia jest dobrym wyborem dla kandydatów zainteresowanych zrównoważonym rozwojem, gospodarką zasobami naturalnymi i praktycznymi badaniami terenowymi.",Łotwa,Riga,56.666944440,23.760277780,http://www.llu.lv,http://commons.wikimedia.org/wiki/Special:FilePath/Biron%20Rezidenz.jpg,agricultural,"łotewski, angielski",Riga,Latvia
314,650,Rosja,Europa,MGIMO University,"MGIMO University to rosyjski uniwersytet o szerokim profilu kształcenia i badań z siedzibą w Moscow. Uczelnia łączy programy humanistyczne, społeczne, przyrodnicze lub techniczne z projektami naukowymi oraz współpracą międzynarodową.",Rosja,Moscow,55.671650000,37.490210000,http://www.mgimo.ru/,http://commons.wikimedia.org/wiki/Special:FilePath/MGIMO-University-main%20building.jpg,ogólny,"angielski, język lokalny",Moscow,Russia
316,477,Rosja,Europa,Moskiewski Instytut Fizyki i Technologii,"Moskiewski Instytut Fizyki i Technologii to rosyjska uczelnia techniczna skoncentrowana na inżynierii, naukach ścisłych i technologiach stosowanych z siedzibą w Moscow. Szczególnie dobrze pasuje do osób zainteresowanych laboratoriami, projektami badawczo-rozwojowymi, informatyką, automatyką, energetyką lub współpracą z przemysłem.",Rosja,Moscow,55.929444444,37.521388888,https://mipt.ru/,http://commons.wikimedia.org/wiki/Special:FilePath/Mipt%20phystech.jpg,techniczny,"angielski, język lokalny",Moscow,Russia
325,320,Rosja,Europa,Moskiewski Państwowy Uniwersytet Techniczny im. N.E. Baumana,"Moskiewski Państwowy Uniwersytet Techniczny im. N.E. Baumana to rosyjska uczelnia techniczna skoncentrowana na inżynierii, naukach ścisłych i technologiach stosowanych z siedzibą w Moscow. Szczególnie dobrze pasuje do osób zainteresowanych laboratoriami, projektami badawczo-rozwojowymi, informatyką, automatyką, energetyką lub współpracą z przemysłem.",Rosja,Moscow,55.765833333,37.684722222,https://bmstu.ru/,http://commons.wikimedia.org/wiki/Special:FilePath/%D0%A1%D0%BB%D0%BE%D0%B1%D0%BE%D0%B4%D1%81%D0%BA%D0%BE%D0%B9%20%D0%B4%D0%B2%D0%BE%D1%80%D0%B5%D1%86%20003.jpg,techniczny,"angielski, język lokalny",Moscow,Russia
318,105,Rosja,Europa,Moskiewski Uniwersytet Państwowy im. M.W. Łomonosowa,"Moskiewski Uniwersytet Państwowy im. M.W. Łomonosowa to rosyjski uniwersytet publiczny o szerokiej ofercie kształcenia i zapleczu badawczym z siedzibą w Moscow. Uczelnia rozwija kierunki humanistyczne, społeczne, przyrodnicze i techniczne, a jej znaczenie często wykracza poza region, w którym działa.",Rosja,Moscow,55.702500000,37.530555555,https://www.msu.ru/,http://commons.wikimedia.org/wiki/Special:FilePath/%D0%9C%D0%93%D0%A3%2C%20%D0%B2%D0%B8%D0%B4%20%D1%81%20%D0%B2%D0%BE%D0%B7%D0%B4%D1%83%D1%85%D0%B0.jpg,ogólny,"rosyjski, angielski",Moscow,Russia
324,591,Rosja,Europa,Narodowy Badawczy Uniwersytet Jądrowy MEPhI,"Narodowy Badawczy Uniwersytet Jądrowy MEPhI to rosyjski uniwersytet o szerokim profilu kształcenia i badań z siedzibą w Moscow. Uczelnia łączy programy humanistyczne, społeczne, przyrodnicze lub techniczne z projektami naukowymi oraz współpracą międzynarodową.",Rosja,Moscow,55.649722222,37.664444444,https://www.mephi.ru/,http://commons.wikimedia.org/wiki/Special:FilePath/%D0%93%D0%BB%D0%B0%D0%B2%D0%BD%D1%8B%D0%B9%20%D0%BA%D0%BE%D1%80%D0%BF%D1%83%D1%81%20%D0%9C%D0%98%D0%A4%D0%98%20%2821.03.2026%29.jpg,ogólny,"rosyjski, angielski",Moscow,Russia
307,801-850,Ukraina,Europa,Narodowy Techniczny Uniwersytet Ukrainy „Politechnika Kijowska im. Igora Sikorskiego”,"Narodowy Techniczny Uniwersytet Ukrainy „Politechnika Kijowska im. Igora Sikorskiego” to ukraińska uczelnia techniczna skoncentrowana na inżynierii, naukach ścisłych i technologiach stosowanych z siedzibą w Kyiv. Szczególnie dobrze pasuje do osób zainteresowanych laboratoriami, projektami badawczo-rozwojowymi, informatyką, automatyką, energetyką lub współpracą z przemysłem.",Ukraina,Kyiv,50.449722000,30.460833000,https://kpi.ua/,http://commons.wikimedia.org/wiki/Special:FilePath/KPI002%20Vladyslav%20Lypovyi%202022.jpg,techniczny,"angielski, język lokalny",Kyiv,Ukraine
309,1201-1400,Ukraina,Europa,Narodowy Uniwersytet „Akademia Kijowsko-Mohylańska”,"Narodowy Uniwersytet „Akademia Kijowsko-Mohylańska” to ukraiński uniwersytet publiczny o szerokiej ofercie kształcenia i zapleczu badawczym. Uczelnia rozwija kierunki humanistyczne, społeczne, przyrodnicze i techniczne, a jej znaczenie często wykracza poza region, w którym działa.",Ukraina,Kyiv,50.464444444,30.519722222,https://ukma.edu.ua,http://commons.wikimedia.org/wiki/Special:FilePath/NaUKMA%20today.jpg,ogólny,"angielski, język lokalny",Kyiv,Ukraine
254,390,Grecja,Europa,Narodowy Uniwersytet im. Kapodistriasa w Atenach,"Narodowy Uniwersytet im. Kapodistriasa w Atenach to grecki uniwersytet o szerokim profilu kształcenia i badań. Uczelnia łączy programy humanistyczne, społeczne, przyrodnicze lub techniczne z projektami naukowymi oraz współpracą międzynarodową.",Grecja,Dirfys-Messapia Municipality,37.951111111,23.738777777,https://www.uoa.gr,http://commons.wikimedia.org/wiki/Special:FilePath/Universit%C3%A4t%20von%20Athen.jpg,ogólny,"grecki, angielski",Athens,Greece
321,721-730,Rosja,Europa,Narodowy Uniwersytet Nauki i Technologii MISiS,"Narodowy Uniwersytet Nauki i Technologii MISiS to rosyjska uczelnia techniczna skoncentrowana na inżynierii, naukach ścisłych i technologiach stosowanych z siedzibą w Moscow. Szczególnie dobrze pasuje do osób zainteresowanych laboratoriami, projektami badawczo-rozwojowymi, informatyką, automatyką, energetyką lub współpracą z przemysłem.",Rosja,Moscow,55.727500000,37.607500000,http://www.misis.ru/,http://commons.wikimedia.org/wiki/Special:FilePath/Korpus%20b.jpg,techniczny,"angielski, język lokalny",Moscow,Russia
252,355,Grecja,Europa,Narodowy Uniwersytet Techniczny w Atenach,"Narodowy Uniwersytet Techniczny w Atenach to grecka uczelnia techniczna skoncentrowana na inżynierii, naukach ścisłych i technologiach stosowanych. Szczególnie dobrze pasuje do osób zainteresowanych laboratoriami, projektami badawczo-rozwojowymi, informatyką, automatyką, energetyką lub współpracą z przemysłem.",Grecja,Athens,37.987863888,23.731613888,http://www.ntua.gr/,http://commons.wikimedia.org/wiki/Special:FilePath/%CE%9C%CE%B5%CF%84%CF%83%CF%8C%CE%B2%CE%B9%CE%BF%20%CE%A0%CE%BF%CE%BB%CF%85%CF%84%CE%B5%CF%87%CE%BD%CE%B5%CE%AF%CE%BF%207936.JPG,techniczny,"grecki, angielski",Athens,Greece
80,550,Wielka Brytania,Europa,Northumbria University,"Northumbria University to brytyjski uniwersytet o szerokim profilu kształcenia i badań z siedzibą w Newcastle upon Tyne. Uczelnia łączy programy humanistyczne, społeczne, przyrodnicze lub techniczne z projektami naukowymi oraz współpracą międzynarodową.",Wielka Brytania,Newcastle upon Tyne,54.976400000,-1.608000000,http://www.northumbria.ac.uk,http://commons.wikimedia.org/wiki/Special:FilePath/Northumbria%20University%20%28geograph%202248224%29.jpg,ogólny,angielski,Middlesbrough,United Kingdom
94,791-800,Norwegia,Europa,Norweski Uniwersytet Nauk Przyrodniczych,"Norweski Uniwersytet Nauk Przyrodniczych to norweska uczelnia o profilu związanym z naukami o życiu, rolnictwem, środowiskiem i technologiami żywności. Uczelnia jest dobrym wyborem dla kandydatów zainteresowanych zrównoważonym rozwojem, gospodarką zasobami naturalnymi i praktycznymi badaniami terenowymi.",Norwegia,Ås Municipality,59.665108333,10.765227777,http://www.nmbu.no/,http://commons.wikimedia.org/wiki/Special:FilePath/UMB-Sky%20View.jpg,agricultural,"norweski, angielski",Oslo,Norway
12,267,Norwegia,Europa,Norweski Uniwersytet Nauki i Technologii,"Norweski Uniwersytet Nauki i Technologii to norweska uczelnia techniczna skoncentrowana na inżynierii, naukach ścisłych i technologiach stosowanych. Szczególnie dobrze pasuje do osób zainteresowanych laboratoriami, projektami badawczo-rozwojowymi, informatyką, automatyką, energetyką lub współpracą z przemysłem.",Norwegia,Ålesund Municipality,63.419444444,10.401497000,https://ntnu.no,http://commons.wikimedia.org/wiki/Special:FilePath/NTNU%20Trondheim%20Mainbuilding.jpg,techniczny,"norweski, angielski",Trondheim,Norway
434,327,Portugalia,Europa,NOVA University Lisbon,"NOVA University Lisbon to portugalski uniwersytet o szerokim profilu kształcenia i badań z siedzibą w Lisbon. Uczelnia łączy programy humanistyczne, społeczne, przyrodnicze lub techniczne z projektami naukowymi oraz współpracą międzynarodową.",Portugalia,Lisbon,38.733600000,-9.160280000,https://www.unl.pt/,http://commons.wikimedia.org/wiki/Special:FilePath/ReitoriaUNL.jpg,ogólny,"portugalski, angielski",Lisbon,Portugal
426,1201-1400,Rosja,Europa,Nowosybirski Państwowy Uniwersytet Techniczny,"Nowosybirski Państwowy Uniwersytet Techniczny to rosyjska uczelnia techniczna skoncentrowana na inżynierii, naukach ścisłych i technologiach stosowanych z siedzibą w Novosibirsk. Szczególnie dobrze pasuje do osób zainteresowanych laboratoriami, projektami badawczo-rozwojowymi, informatyką, automatyką, energetyką lub współpracą z przemysłem.",Rosja,Novosibirsk,54.988000000,82.904000000,https://www.nstu.ru/,http://commons.wikimedia.org/wiki/Special:FilePath/Nstu-1.jpg,techniczny,"angielski, język lokalny",Novosibirsk,Russia
427,461,Rosja,Europa,Nowosybirski Uniwersytet Państwowy,"Nowosybirski Uniwersytet Państwowy to rosyjski uniwersytet publiczny o szerokiej ofercie kształcenia i zapleczu badawczym z siedzibą w Novosibirsk. Uczelnia rozwija kierunki humanistyczne, społeczne, przyrodnicze i techniczne, a jej znaczenie często wykracza poza region, w którym działa.",Rosja,Novosibirsk,54.842900000,83.097000000,http://www.nsu.ru/,http://commons.wikimedia.org/wiki/Special:FilePath/Akademgorodok%20NSU%20Interweek.jpg,ogólny,"angielski, język lokalny",Novosibirsk,Russia
369,1401+,Rosja,Europa,Permski Uniwersytet Państwowy,"Permski Uniwersytet Państwowy to rosyjski uniwersytet publiczny o szerokiej ofercie kształcenia i zapleczu badawczym z siedzibą w Perm. Uczelnia rozwija kierunki humanistyczne, społeczne, przyrodnicze i techniczne, a jej znaczenie często wykracza poza region, w którym działa.",Rosja,Perm,58.007500000,56.186700000,http://www.psu.ru/,http://commons.wikimedia.org/wiki/Special:FilePath/%D0%9F%D0%B5%D1%80%D0%BC%D1%81%D0%BA%D0%B8%D0%B9%20%D0%B3%D0%BE%D1%81%D1%83%D0%B4%D0%B0%D1%80%D1%81%D1%82%D0%B2%D0%B5%D0%BD%D0%BD%D1%8B%D0%B9%20%D1%83%D0%BD%D0%B8%D0%B2%D0%B5%D1%80%D1%81%D0%B8%D1%82%D0%B5%D1%82.%20%D0%9A%D0%BE%D1%80%D0%BF%D1%83%D1%81%20%E2%84%965.jpg,ogólny,"rosyjski, angielski",Perm,Russia
305,1201-1400,Rosja,Europa,Petersburski Państwowy Uniwersytet Elektrotechniczny LETI,"Petersburski Państwowy Uniwersytet Elektrotechniczny LETI to rosyjska uczelnia techniczna skoncentrowana na inżynierii, naukach ścisłych i technologiach stosowanych z siedzibą w Saint Petersburg. Szczególnie dobrze pasuje do osób zainteresowanych laboratoriami, projektami badawczo-rozwojowymi, informatyką, automatyką, energetyką lub współpracą z przemysłem.",Rosja,Saint Petersburg,59.971130000,30.320070000,https://etu.ru/,http://commons.wikimedia.org/wiki/Special:FilePath/Electrotechnical%20University%20SPB%2001.jpg,techniczny,"angielski, język lokalny",Moscow,Russia
302,1001-1200,Rosja,Europa,Petersburski Uniwersytet Górniczy,"Petersburski Uniwersytet Górniczy to rosyjska uczelnia techniczna, której oferta i badania koncentrują się na inżynierii, informatyce oraz naukach ścisłych z siedzibą w Saint Petersburg. Uczelnia stawia na zastosowania praktyczne, pracę projektową i współpracę z otoczeniem gospodarczym.",Rosja,Saint Petersburg,59.930061000,30.268366000,http://www.spmi.ru/,http://commons.wikimedia.org/wiki/Special:FilePath/Spb%20Vasilievsky%20Island%20Mining%20College%20asv2019-09%20img3.jpg,techniczny,"angielski, język lokalny",Moscow,Russia
303,375,Rosja,Europa,Petersburski Uniwersytet Państwowy,"Petersburski Uniwersytet Państwowy to rosyjski uniwersytet publiczny o szerokiej ofercie kształcenia i zapleczu badawczym z siedzibą w Saint Petersburg. Uczelnia rozwija kierunki humanistyczne, społeczne, przyrodnicze i techniczne, a jej znaczenie często wykracza poza region, w którym działa.",Rosja,Saint Petersburg,59.941944444,30.298888888,http://www.spbu.ru/,http://commons.wikimedia.org/wiki/Special:FilePath/Spb%2006-2012%20University%20Embankment%2006.jpg,ogólny,"angielski, język lokalny",Moscow,Russia
306,609,Rosja,Europa,Petersburski Uniwersytet Politechniczny Piotra Wielkiego,"Petersburski Uniwersytet Politechniczny Piotra Wielkiego to rosyjska uczelnia techniczna skoncentrowana na inżynierii, naukach ścisłych i technologiach stosowanych z siedzibą w Saint Petersburg. Szczególnie dobrze pasuje do osób zainteresowanych laboratoriami, projektami badawczo-rozwojowymi, informatyką, automatyką, energetyką lub współpracą z przemysłem.",Rosja,Saint Petersburg,60.006174000,30.376682000,http://www.spbstu.ru/,http://commons.wikimedia.org/wiki/Special:FilePath/%D0%9F%D0%BE%D0%BB%D0%B8%D1%82%D0%B5%D1%85%D0%BD%D0%B8%D1%87%D0%B5%D1%81%D0%BA%D0%B8%D0%B9%20%D0%B8%D0%BD%D1%81%D1%82%D0%B8%D1%82%D1%83%D1%82.%20%D0%93%D0%BB%D0%B0%D0%B2%D0%BD%D0%BE%D0%B5%20%D0%B7%D0%B4%D0%B0%D0%BD%D0%B8%D0%B501.jpg,techniczny,"angielski, język lokalny",Moscow,Russia
422,771-780,Niemcy,Europa,Philipps-Universität Marburg,"Philipps-Universität Marburg to niemiecki uniwersytet o szerokim profilu kształcenia i badań z siedzibą w Marburg. Uczelnia łączy programy humanistyczne, społeczne, przyrodnicze lub techniczne z projektami naukowymi oraz współpracą międzynarodową.",Niemcy,Marburg,50.810833333,8.773611111,https://www.uni-marburg.de/,http://commons.wikimedia.org/wiki/Special:FilePath/Marburg%20asv2022-02%20img02%20Old%20University.jpg,ogólny,"niemiecki, angielski",Frankfurt,Germany
319,851-900,Rosja,Europa,Pierwszy Moskiewski Państwowy Uniwersytet Medyczny im. I.M. Sieczenowa,"Pierwszy Moskiewski Państwowy Uniwersytet Medyczny im. I.M. Sieczenowa to rosyjska uczelnia wyspecjalizowana w medycynie, naukach o zdrowiu i badaniach biomedycznych z siedzibą w Moscow. Jej profil dobrze pasuje do kandydatów zainteresowanych kształceniem klinicznym, zdrowiem publicznym oraz projektami badawczymi związanymi z diagnostyką i terapią.",Rosja,Moscow,55.728055560,37.575000000,https://sechenov.ru/,http://commons.wikimedia.org/wiki/Special:FilePath/%D0%9D%D0%B0%D1%83%D1%87%D0%BD%D0%BE-%D0%B8%D1%81%D1%81%D0%BB%D0%B5%D0%B4%D0%BE%D0%B2%D0%B0%D1%82%D0%B5%D0%BB%D1%8C%D1%81%D0%BA%D0%B8%D0%B9%20%D1%86%D0%B5%D0%BD%D1%82%D1%80%20%D0%9C%D0%93%D0%9C%D0%A3%20%28%D0%9C%D0%BE%D1%81%D0%BA%D0%B2%D0%B0%29%20003.jpg,medyczny,"angielski, język lokalny",Moscow,Russia
272,1201-1400,Rumunia,Europa,Politechnika Bukareszteńska,"Politechnika Bukareszteńska to rumuńska uczelnia techniczna skoncentrowana na inżynierii, naukach ścisłych i technologiach stosowanych z siedzibą w Bucharest. Szczególnie dobrze pasuje do osób zainteresowanych laboratoriami, projektami badawczo-rozwojowymi, informatyką, automatyką, energetyką lub współpracą z przemysłem.",Rumunia,Bucharest,44.438333333,26.051388888,http://www.upb.ro/,http://commons.wikimedia.org/wiki/Special:FilePath/Universitatea%20Politehnica%20din%20Bucure%C8%99ti-2006%200604UPB0032.jpg,ogólny,"rumuński, angielski",Bucharest,Romania
179,801-850,Polska,Europa,Politechnika Gdańska,"Politechnika Gdańska to uczelnia techniczna o silnym profilu inżynierskim, informatycznym, morskim i energetycznym. Jej położenie w Trójmieście sprzyja współpracy z przemysłem, portami, sektorem offshore i firmami technologicznymi.",Polska,Gdańsk,54.371388888,18.618888888,https://pg.edu.pl/,http://commons.wikimedia.org/wiki/Special:FilePath/Gmach%20glowny%20politechnika.jpg,techniczny,"polski, angielski",Gdansk,Poland
198,392,Hiszpania,Europa,Politechnika Katalońska,"Politechnika Katalońska to hiszpański uniwersytet o szerokim profilu kształcenia i badań. Uczelnia łączy programy humanistyczne, społeczne, przyrodnicze lub techniczne z projektami naukowymi oraz współpracą międzynarodową.",Hiszpania,Barcelona Province,41.388690000,2.116030000,https://www.upc.edu,http://commons.wikimedia.org/wiki/Special:FilePath/Nexus%20I%20%28Barcelona%29.jpg,ogólny,"hiszpański, angielski",Barcelona,Spain
192,1001-1200,Polska,Europa,Politechnika Krakowska im. Tadeusza Kościuszki,"Politechnika Krakowska im. Tadeusza Kościuszki to polska uczelnia techniczna skoncentrowana na inżynierii, naukach ścisłych i technologiach stosowanych z siedzibą w Kraków. Szczególnie dobrze pasuje do osób zainteresowanych laboratoriami, projektami badawczo-rozwojowymi, informatyką, automatyką, energetyką lub współpracą z przemysłem.",Polska,Kraków,50.071666670,19.944166670,http://www.pk.edu.pl,http://commons.wikimedia.org/wiki/Special:FilePath/Krak%C3%B3w%20Politechnika%20Krakowska%20W-1%202025.jpg,techniczny,"polski, angielski",Warsaw,Poland
247,1401+,Polska,Europa,Politechnika Lubelska,"Politechnika Lubelska to polska uczelnia techniczna skoncentrowana na inżynierii, naukach ścisłych i technologiach stosowanych z siedzibą w Lublin. Szczególnie dobrze pasuje do osób zainteresowanych laboratoriami, projektami badawczo-rozwojowymi, informatyką, automatyką, energetyką lub współpracą z przemysłem.",Polska,Lublin,51.235555560,22.550277780,http://www.pollub.pl/,http://commons.wikimedia.org/wiki/Special:FilePath/Politechnika%20Lubelska%20Rektorat%20hdr%20m%20p.net.jpg,techniczny,"polski, angielski",Lublin,Poland
259,1001-1200,Ukraina,Europa,Politechnika Lwowska,"Politechnika Lwowska to ukraińska uczelnia techniczna skoncentrowana na inżynierii, naukach ścisłych i technologiach stosowanych z siedzibą w Lviv. Szczególnie dobrze pasuje do osób zainteresowanych laboratoriami, projektami badawczo-rozwojowymi, informatyką, automatyką, energetyką lub współpracą z przemysłem.",Ukraina,Lviv,49.835600000,24.014700000,https://lpnu.ua/,http://commons.wikimedia.org/wiki/Special:FilePath/%D0%91%D0%B0%D0%BD%D0%B4%D0%B5%D1%80%D0%B8%203179.jpg,techniczny,"angielski, język lokalny",Lviv,Ukraine
187,1001-1200,Polska,Europa,Politechnika Łódzka,"Politechnika Łódzka to polska uczelnia techniczna skoncentrowana na inżynierii, naukach ścisłych i technologiach stosowanych z siedzibą w Łódź. Szczególnie dobrze pasuje do osób zainteresowanych laboratoriami, projektami badawczo-rozwojowymi, informatyką, automatyką, energetyką lub współpracą z przemysłem.",Polska,Łódź,51.750000000,19.449900000,https://www.p.lodz.pl,http://commons.wikimedia.org/wiki/Special:FilePath/Politechnika%20%C5%81%C3%B3dzka%20-%20Campus%20B.JPG,techniczny,"polski, angielski",Lodz,Poland
294,334,Hiszpania,Europa,Politechnika Madrycka,"Politechnika Madrycka to hiszpańska uczelnia techniczna skoncentrowana na inżynierii, naukach ścisłych i technologiach stosowanych z siedzibą w Madrid. Szczególnie dobrze pasuje do osób zainteresowanych laboratoriami, projektami badawczo-rozwojowymi, informatyką, automatyką, energetyką lub współpracą z przemysłem.",Hiszpania,Madrid,40.449167000,-3.728056000,https://www.upm.es/,http://commons.wikimedia.org/wiki/Special:FilePath/Rectorado%20de%20la%20Universidad%20Polit%C3%A9cnica%20de%20Madrid%2001.jpg,ogólny,"hiszpański, angielski",Madrid,Spain
442,98,Włochy,Europa,Politechnika Mediolańska,"Politechnika Mediolańska to włoska uczelnia techniczna skoncentrowana na inżynierii, naukach ścisłych i technologiach stosowanych z siedzibą w Milan. Szczególnie dobrze pasuje do osób zainteresowanych laboratoriami, projektami badawczo-rozwojowymi, informatyką, automatyką, energetyką lub współpracą z przemysłem.",Włochy,Milan,45.478030555,9.227319444,https://www.polimi.it,http://commons.wikimedia.org/wiki/Special:FilePath/Polimi%20Leonardo%20campus%20main%20building.jpg,techniczny,"włoski, angielski",Milan,Italy
162,1001-1200,Polska,Europa,Politechnika Poznańska,"Politechnika Poznańska to polska uczelnia techniczna skoncentrowana na inżynierii, naukach ścisłych i technologiach stosowanych z siedzibą w Poznań. Szczególnie dobrze pasuje do osób zainteresowanych laboratoriami, projektami badawczo-rozwojowymi, informatyką, automatyką, energetyką lub współpracą z przemysłem.",Polska,Poznań,52.394166666,16.918333333,https://www.put.poznan.pl/,http://commons.wikimedia.org/wiki/Special:FilePath/Rektorat%20Politechniki%20Pozna%C5%84skiej%2003.JPG,techniczny,"polski, angielski",Poznan,Poland
180,1001-1200,Polska,Europa,Politechnika Śląska,"Politechnika Śląska to polska uczelnia techniczna skoncentrowana na inżynierii, naukach ścisłych i technologiach stosowanych z siedzibą w Gliwice. Szczególnie dobrze pasuje do osób zainteresowanych laboratoriami, projektami badawczo-rozwojowymi, informatyką, automatyką, energetyką lub współpracą z przemysłem.",Polska,Gliwice,50.290777780,18.674916670,http://www.polsl.pl/en,http://commons.wikimedia.org/wiki/Special:FilePath/Gliwice%20Strzody%20Czerwona%20Chemia%2004%2009%202011%20P9049533.jpg,techniczny,"polski, angielski",Gliwice,Poland
152,951-1000,Włochy,Europa,Uniwersytet Calabria,"Uniwersytet Calabria to włoski uniwersytet o szerokim profilu kształcenia i badań z siedzibą w Cosenza. Uczelnia łączy programy humanistyczne, społeczne, przyrodnicze lub techniczne z projektami naukowymi oraz współpracą międzynarodową.",Włochy,Cosenza,39.363700000,16.226500000,https://www.unical.it,http://commons.wikimedia.org/wiki/Special:FilePath/Unical%20Rende%20%28CS%29.jpg,ogólny,"włoski, angielski",Bari,Italy
397,242,Włochy,Europa,Politechnika Turyńska,"Politechnika Turyńska to włoska uczelnia techniczna skoncentrowana na inżynierii, naukach ścisłych i technologiach stosowanych z siedzibą w Turin. Szczególnie dobrze pasuje do osób zainteresowanych laboratoriami, projektami badawczo-rozwojowymi, informatyką, automatyką, energetyką lub współpracą z przemysłem.",Włochy,Turin,45.063094444,7.661075000,https://www.polito.it,http://commons.wikimedia.org/wiki/Special:FilePath/Politecnico%20Torino.JPG,techniczny,"włoski, angielski",Turin,Italy
159,801-850,Włochy,Europa,Politechnika w Bari,"Politechnika w Bari to włoska uczelnia techniczna skoncentrowana na inżynierii, naukach ścisłych i technologiach stosowanych z siedzibą w Bari. Szczególnie dobrze pasuje do osób zainteresowanych laboratoriami, projektami badawczo-rozwojowymi, informatyką, automatyką, energetyką lub współpracą z przemysłem.",Włochy,Bari,41.111383611,16.883233333,http://www.poliba.it/it,http://commons.wikimedia.org/wiki/Special:FilePath/Politecnico%20di%20Bari.png,techniczny,"włoski, angielski",Bari,Italy
156,575,Czechy,Europa,Politechnika w Brnie,"Politechnika w Brnie to czeska uczelnia techniczna skoncentrowana na inżynierii, naukach ścisłych i technologiach stosowanych z siedzibą w Veveří. Szczególnie dobrze pasuje do osób zainteresowanych laboratoriami, projektami badawczo-rozwojowymi, informatyką, automatyką, energetyką lub współpracą z przemysłem.",Czechy,Veveří,49.201541666,16.603613888,https://www.vut.cz/,http://commons.wikimedia.org/wiki/Special:FilePath/FIT%20VUT%20v%20Brn%C4%9B%20%28n%C3%A1dvo%C5%99%C3%AD%29.jpeg,techniczny,"czeski, angielski",dane krajowe (Eurostat 2020),Czech Republic
37,422,Hiszpania,Europa,Politechnika w Walencji,"Politechnika w Walencji to hiszpański uniwersytet o szerokim profilu kształcenia i badań. Uczelnia łączy programy humanistyczne, społeczne, przyrodnicze lub techniczne z projektami naukowymi oraz współpracą międzynarodową.",Hiszpania,Valencia,39.480889579,-0.341109930,https://www.upv.es/,http://commons.wikimedia.org/wiki/Special:FilePath/Agora%20UPV%2002.JPG,ogólny,"hiszpański, angielski",Valencia,Spain
235,487,Polska,Europa,Politechnika Warszawska,"Politechnika Warszawska to polska uczelnia techniczna skoncentrowana na inżynierii, naukach ścisłych i technologiach stosowanych z siedzibą w Warsaw. Szczególnie dobrze pasuje do osób zainteresowanych laboratoriami, projektami badawczo-rozwojowymi, informatyką, automatyką, energetyką lub współpracą z przemysłem.",Polska,Warsaw,52.220278055,21.010556111,https://www.pw.edu.pl/,http://commons.wikimedia.org/wiki/Special:FilePath/Gmach%20G%C5%82%C3%B3wny%20Politechniki%20Warszawskiej%202018.jpg,techniczny,"polski, angielski",Warsaw,Poland
164,851-900,Polska,Europa,Politechnika Wrocławska,"Politechnika Wrocławska to jedna z najważniejszych polskich politechnik, znana z informatyki, elektroniki, automatyki, budownictwa i inżynierii materiałowej. Uczelnia prowadzi liczne projekty badawczo-rozwojowe i współpracuje z firmami technologicznymi Dolnego Śląska.",Polska,Wrocław,51.107330000,17.059580000,http://www.pwr.edu.pl,http://commons.wikimedia.org/wiki/Special:FilePath/Politechnika%20Wroclawska%20-%20budynek%20glowny.jpg,techniczny,"polski, angielski",Wroclaw,Poland
384,951-1000,Rosja,Europa,Południowouralski Uniwersytet Państwowy,"Południowouralski Uniwersytet Państwowy to rosyjski uniwersytet publiczny o szerokiej ofercie kształcenia i zapleczu badawczym z siedzibą w Chelyabinsk. Uczelnia rozwija kierunki humanistyczne, społeczne, przyrodnicze i techniczne, a jej znaczenie często wykracza poza region, w którym działa.",Rosja,Chelyabinsk,55.159640000,61.371720000,https://www.susu.ru/,http://commons.wikimedia.org/wiki/Special:FilePath/South%20Ural%20State%20University%20%2813125656685%29.jpg,ogólny,"angielski, język lokalny",Chelyabinsk,Russia
327,1001-1200,Rosja,Europa,Południowy Uniwersytet Federalny,"Południowy Uniwersytet Federalny to rosyjski uniwersytet publiczny o szerokiej ofercie kształcenia i zapleczu badawczym z siedzibą w Rostov-on-Don. Uczelnia rozwija kierunki humanistyczne, społeczne, przyrodnicze i techniczne, a jej znaczenie często wykracza poza region, w którym działa.",Rosja,Rostov-on-Don,47.224700000,39.728600000,http://www.sfedu.ru,http://commons.wikimedia.org/wiki/Special:FilePath/Rostov-on-Don%2C%20Southern%20Federal%20University%2C%20Russia.jpg,ogólny,"angielski, język lokalny",Krasnodar,Russia
281,1201-1400,Wielka Brytania,Europa,"Queen Margaret University, Edinburgh","Queen Margaret University, Edinburgh to brytyjski uniwersytet o szerokim profilu kształcenia i badań z siedzibą w East Lothian. Uczelnia łączy programy humanistyczne, społeczne, przyrodnicze lub techniczne z projektami naukowymi oraz współpracą międzynarodową.",Wielka Brytania,East Lothian,55.931300000,-3.073020000,http://www.qmu.ac.uk,http://commons.wikimedia.org/wiki/Special:FilePath/Queen%20Margaret%20University%20main%20building.jpg,ogólny,angielski,Edinburgh,United Kingdom
365,199,Wielka Brytania,Europa,Queen’s University Belfast,"Queen’s University Belfast to brytyjski uniwersytet o szerokim profilu kształcenia i badań z siedzibą w Belfast. Uczelnia łączy programy humanistyczne, społeczne, przyrodnicze lub techniczne z projektami naukowymi oraz współpracą międzynarodową.",Wielka Brytania,Belfast,54.584166666,-5.934722222,https://qub.ac.uk/,http://commons.wikimedia.org/wiki/Special:FilePath/Lanyon%20Building%2C%20Queen%27s%20University%2C%20Belfast.jpg,ogólny,angielski,Belfast,United Kingdom
388,207,Niemcy,Europa,Rheinische Friedrich-Wilhelms-Universität Bonn,"Rheinische Friedrich-Wilhelms-Universität Bonn to niemiecki uniwersytet o szerokim profilu kształcenia i badań z siedzibą w Bonn. Uczelnia łączy programy humanistyczne, społeczne, przyrodnicze lub techniczne z projektami naukowymi oraz współpracą międzynarodową.",Niemcy,Bonn,50.733888888,7.102222222,https://www.uni-bonn.de,http://commons.wikimedia.org/wiki/Special:FilePath/University-bonn%202005-11-18.jpg,ogólny,"niemiecki, angielski",Bonn,Germany
261,1001-1200,Łotwa,Europa,Rīgas Stradiņa universitāte,"Rīgas Stradiņa universitāte to łotewski uniwersytet o szerokim profilu kształcenia i badań z siedzibą w Riga. Uczelnia łączy programy humanistyczne, społeczne, przyrodnicze lub techniczne z projektami naukowymi oraz współpracą międzynarodową.",Łotwa,Riga,56.953611110,24.055277780,https://www.rsu.lv/,http://commons.wikimedia.org/wiki/Special:FilePath/RSU%20-%20Dzirciema%20iela%2016.jpg,ogólny,"łotewski, angielski",Riga,Latvia
313,1201-1400,Rosja,Europa,Rosyjska Akademia Gospodarki Narodowej i Administracji Publicznej przy Prezydencie Federacji Rosyjskiej,"Rosyjska Akademia Gospodarki Narodowej i Administracji Publicznej przy Prezydencie Federacji Rosyjskiej to rosyjski uniwersytet o szerokim profilu kształcenia i badań z siedzibą w Moscow. Uczelnia łączy programy humanistyczne, społeczne, przyrodnicze lub techniczne z projektami naukowymi oraz współpracą międzynarodową.",Rosja,Moscow,55.665000000,37.478100000,https://www.ranepa.ru/,http://commons.wikimedia.org/wiki/Special:FilePath/RAGS-Moscow2.jpg,ogólny,"angielski, język lokalny",Moscow,Russia
304,1401+,Rosja,Europa,Rosyjski Państwowy Uniwersytet Pedagogiczny im. A.I. Hercena,"Rosyjski Państwowy Uniwersytet Pedagogiczny im. A.I. Hercena to rosyjska uczelnia o silnym zapleczu w kształceniu nauczycieli, pedagogice oraz naukach humanistycznych i społecznych z siedzibą w Saint Petersburg. Jej profil dobrze odpowiada osobom zainteresowanym edukacją, psychologią, językami, kulturą i pracą z instytucjami publicznymi.",Rosja,Saint Petersburg,59.933888890,30.319444440,http://www.herzen.spb.ru/,http://commons.wikimedia.org/wiki/Special:FilePath/Herzen%20State%20Pedagogical%20University%20of%20Russia%2C%20main%20building%20at%20winter%20evening.JPG,pedagogical,"angielski, język lokalny",Moscow,Russia
322,741-750,Rosja,Europa,Rosyjski Uniwersytet Ekonomiczny im. G.W. Plechanowa,"Rosyjski Uniwersytet Ekonomiczny im. G.W. Plechanowa to rosyjska uczelnia lub szkoła wyższa o silnym profilu ekonomicznym, menedżerskim i społecznym z siedzibą w Moscow. Wyróżnia się programami związanymi z biznesem, finansami, analizą danych, administracją lub polityką publiczną, często prowadzonymi w środowisku międzynarodowym.",Rosja,Moscow,55.727590000,37.629010000,https://www.rea.ru/,http://commons.wikimedia.org/wiki/Special:FilePath/Third%20housing%20of%20Plekhanov%20University%20of%20Economics%20in%20Moscow%2C%20front%20view.JPG,biznesowy,"angielski, język lokalny",Moscow,Russia
320,1401+,Rosja,Europa,Rosyjski Uniwersytet Technologii Chemicznej im. D.I. Mendelejewa,"Rosyjski Uniwersytet Technologii Chemicznej im. D.I. Mendelejewa to rosyjska uczelnia techniczna skoncentrowana na inżynierii, naukach ścisłych i technologiach stosowanych z siedzibą w Moscow. Szczególnie dobrze pasuje do osób zainteresowanych laboratoriami, projektami badawczo-rozwojowymi, informatyką, automatyką, energetyką lub współpracą z przemysłem.",Rosja,Moscow,55.779000000,37.595500000,http://www.muctr.ru/,,techniczny,"angielski, język lokalny",Moscow,Russia
45,461,Wielka Brytania,Europa,"Royal Holloway, University of London","Royal Holloway, University of London to brytyjski uniwersytet badawczy o szerokim profilu akademickim z siedzibą w Surrey. Dzięki położeniu w dużym ośrodku miejskim uczelnia oferuje dobre warunki do współpracy z instytucjami publicznymi, firmami, organizacjami kultury i partnerami międzynarodowymi.",Wielka Brytania,Surrey,51.424800000,-0.566731000,https://royalholloway.ac.uk/,http://commons.wikimedia.org/wiki/Special:FilePath/Founder%27s%20Building%2C%20Royal%20Holloway%2C%20south%20quad.jpg,ogólny,angielski,Guildford,United Kingdom
315,367,Rosja,Europa,RUDN University,"RUDN University to rosyjski uniwersytet o szerokim profilu kształcenia i badań z siedzibą w Moscow. Uczelnia łączy programy humanistyczne, społeczne, przyrodnicze lub techniczne z projektami naukowymi oraz współpracą międzynarodową.",Rosja,Moscow,55.651111111,37.505000000,http://www.rudn.ru,http://commons.wikimedia.org/wiki/Special:FilePath/Rudn-024.jpg,ogólny,"angielski, język lokalny",Moscow,Russia
370,105,Niemcy,Europa,RWTH Aachen,"RWTH Aachen to niemiecka uczelnia techniczna skoncentrowana na inżynierii, naukach ścisłych i technologiach stosowanych z siedzibą w Aachen. Szczególnie dobrze pasuje do osób zainteresowanych laboratoriami, projektami badawczo-rozwojowymi, informatyką, automatyką, energetyką lub współpracą z przemysłem.",Niemcy,Aachen,50.777777777,6.078055555,https://www.rwth-aachen.de/,http://commons.wikimedia.org/wiki/Special:FilePath/1196-18-rwth-aachen-hg-von-hendrik-brixius.jpg,techniczny,"niemiecki, angielski",Aachen,Germany
368,1201-1400,Rosja,Europa,Samarski Narodowy Uniwersytet Badawczy,"Samarski Narodowy Uniwersytet Badawczy to rosyjski uniwersytet o szerokim profilu kształcenia i badań z siedzibą w Samara. Uczelnia łączy programy humanistyczne, społeczne, przyrodnicze lub techniczne z projektami naukowymi oraz współpracą międzynarodową.",Rosja,Samara,53.212000000,50.177600000,http://www.ssau.ru,http://commons.wikimedia.org/wiki/Special:FilePath/SSAU.jpg,ogólny,"angielski, język lokalny",Samara,Russia
211,367,Francja,Europa,Sciences Po,"Sciences Po to francuska uczelnia wyspecjalizowana w naukach politycznych, stosunkach międzynarodowych, prawie, ekonomii i polityce publicznej. Jest szczególnie ceniona przez osoby planujące karierę w administracji, dyplomacji, organizacjach międzynarodowych i analizie społecznej.",Francja,Paris,48.854166666,2.328611111,https://www.sciencespo.fr/,http://commons.wikimedia.org/wiki/Special:FilePath/IEP%20de%20Paris%2C%2027%20rue%20Saint-Guillaume%2C%20Paris%207e.jpg,ogólny,"francuski, angielski",Paris,France
166,1001-1200,Słowacja,Europa,Słowacki Uniwersytet Techniczny w Bratysławie,"Słowacki Uniwersytet Techniczny w Bratysławie to europejska uczelnia techniczna skoncentrowana na inżynierii, naukach ścisłych i technologiach stosowanych z siedzibą w Bratislava. Szczególnie dobrze pasuje do osób zainteresowanych laboratoriami, projektami badawczo-rozwojowymi, informatyką, automatyką, energetyką lub współpracą z przemysłem.",Słowacja,Bratislava,48.154670570,17.117439510,http://www.stuba.sk,http://commons.wikimedia.org/wiki/Special:FilePath/STU-Building.JPG,techniczny,"słowacki, angielski",Bratislava,Slovakia
29,511,Wielka Brytania,Europa,SOAS University of London,"SOAS University of London to brytyjski uniwersytet badawczy o szerokim profilu akademickim. Dzięki położeniu w dużym ośrodku miejskim uczelnia oferuje dobre warunki do współpracy z instytucjami publicznymi, firmami, organizacjami kultury i partnerami międzynarodowymi.",Wielka Brytania,London Borough of Camden,51.522050000,-0.129000000,https://soas.ac.uk,http://commons.wikimedia.org/wiki/Special:FilePath/School%20of%20Oriental%20%26%20African%20Studies%2C%20London%2003.JPG,ogólny,angielski,London,United Kingdom
213,72,Francja,Europa,Sorbonne Université,Sorbonne Université jest rozpoznawalna dzięki interdyscyplinarnym badaniom oraz licznym powiązaniom z francuskimi instytutami naukowymi.,Francja,Paris,48.850623259,2.340312110,https://www.sorbonne-universite.fr/,http://commons.wikimedia.org/wiki/Special:FilePath/Chapelle%20Sainte-Ursule%20de%20la%20Sorbonne%2C%20Paris%20001.jpg,ogólny,"francuski, angielski",Paris,France
450,1001-1200,Rosja,Europa,Syberyjski Uniwersytet Federalny,"Syberyjski Uniwersytet Federalny to rosyjski uniwersytet publiczny o szerokiej ofercie kształcenia i zapleczu badawczym z siedzibą w Krasnoyarsk. Uczelnia rozwija kierunki humanistyczne, społeczne, przyrodnicze i techniczne, a jej znaczenie często wykracza poza region, w którym działa.",Rosja,Krasnoyarsk,56.004166670,92.772500000,https://sfu.ru/,http://commons.wikimedia.org/wiki/Special:FilePath/Siberian%20Federal%20University%20%28site%204%29%2C%20Krasnoyarsk.JPG,ogólny,"angielski, język lokalny",Krasnoyarsk,Russia
237,1001-1200,Polska,Europa,Szkoła Główna Gospodarstwa Wiejskiego w Warszawie,"Szkoła Główna Gospodarstwa Wiejskiego w Warszawie to polska uczelnia o profilu związanym z naukami o życiu, rolnictwem, środowiskiem i technologiami żywności z siedzibą w Ursynów. Uczelnia jest dobrym wyborem dla kandydatów zainteresowanych zrównoważonym rozwojem, gospodarką zasobami naturalnymi i praktycznymi badaniami terenowymi.",Polska,Ursynów,52.161666666,21.048055555,http://www.sggw.pl/,http://commons.wikimedia.org/wiki/Special:FilePath/Kampus%20SGGW%20ul.%20Ciszewskiego%20w%20Warszawie.jpg,agricultural,"polski, angielski",Warsaw,Poland
375,781-790,Irlandia,Europa,Technological University Dublin,"Technological University Dublin to irlandzka uczelnia techniczna skoncentrowana na inżynierii, naukach ścisłych i technologiach stosowanych. Szczególnie dobrze pasuje do osób zainteresowanych laboratoriami, projektami badawczo-rozwojowymi, informatyką, automatyką, energetyką lub współpracą z przemysłem.",Irlandia,County Dublin,53.354777777,-6.279194444,https://www.tudublin.ie,http://commons.wikimedia.org/wiki/Special:FilePath/Dublin%20Institute%20of%20Technology%2C%20Grangegorman%20Campus.jpg,ogólny,angielski,Dublin,Ireland
429,499,Rosja,Europa,Tomski Uniwersytet Państwowy,"Tomski Uniwersytet Państwowy to rosyjski uniwersytet publiczny o szerokiej ofercie kształcenia i zapleczu badawczym z siedzibą w Tomsk. Uczelnia rozwija kierunki humanistyczne, społeczne, przyrodnicze i techniczne, a jej znaczenie często wykracza poza region, w którym działa.",Rosja,Tomsk,56.469515000,84.947536000,http://www.tsu.ru/,http://commons.wikimedia.org/wiki/Special:FilePath/%D0%93%D0%BB%D0%B0%D0%B2%D0%BD%D1%8B%D0%B9%20%D0%BA%D0%BE%D1%80%D0%BF%D1%83%D1%81%20%D0%A2%D0%93%D0%A3.jpg,ogólny,"angielski, język lokalny",Tomsk,Russia
61,1201-1400,Hiszpania,Europa,UCAM Universidad Católica San Antonio de Murcia,"UCAM Universidad Católica San Antonio de Murcia to hiszpański uniwersytet o szerokim profilu kształcenia i badań z siedzibą w Guadalupe de Maciascoque. Uczelnia łączy programy humanistyczne, społeczne, przyrodnicze lub techniczne z projektami naukowymi oraz współpracą międzynarodową.",Hiszpania,Guadalupe de Maciascoque,37.991631212,-1.185196103,https://www.ucam.edu/,,ogólny,"hiszpański, angielski",Murcia,Spain
182,648,Norwegia,Europa,UiT – Arktyczny Uniwersytet Norwegii,"UiT – Arktyczny Uniwersytet Norwegii to norweski uniwersytet o szerokim profilu kształcenia i badań. Uczelnia łączy programy humanistyczne, społeczne, przyrodnicze lub techniczne z projektami naukowymi oraz współpracą międzynarodową.",Norwegia,Tromsø Municipality,69.680511111,18.973133333,https://en.uit.no/startsida,http://commons.wikimedia.org/wiki/Special:FilePath/University%20of%20Troms%C3%B8%20Breivika%20campus.JPG,ogólny,"norweski, angielski",Tromso,Norway
226,624,Hiszpania,Europa,Universidad del Pais Vasco,"Universidad del Pais Vasco to hiszpański uniwersytet o szerokim profilu kształcenia i badań z siedzibą w Basque Country. Uczelnia łączy programy humanistyczne, społeczne, przyrodnicze lub techniczne z projektami naukowymi oraz współpracą międzynarodową.",Hiszpania,Basque Country,43.331405900,-2.970605800,https://www.ehu.eus/eu/,http://commons.wikimedia.org/wiki/Special:FilePath/Bilbao%20-%20Torre%20Iberdrola%20y%20Paraninfo%20de%20la%20UPV-EHU%202.jpg,ogólny,"hiszpański, angielski",Bilbao,Spain
298,901-950,Hiszpania,Europa,Universidad Europea de Madrid,"Universidad Europea de Madrid to hiszpański uniwersytet badawczy o szerokim profilu akademickim z siedzibą w Villaviciosa de Odón. Dzięki położeniu w dużym ośrodku miejskim uczelnia oferuje dobre warunki do współpracy z instytucjami publicznymi, firmami, organizacjami kultury i partnerami międzynarodowymi.",Hiszpania,Villaviciosa de Odón,40.371830555,-3.918952777,https://universidadeuropea.com/,http://commons.wikimedia.org/wiki/Special:FilePath/European%20University%20of%20Madrid.jpg,ogólny,"hiszpański, angielski",Madrid,Spain
291,581,Hiszpania,Europa,Universidad Pontificia Comillas,"Universidad Pontificia Comillas to hiszpański uniwersytet o szerokim profilu kształcenia i badań z siedzibą w Madrid. Uczelnia łączy programy humanistyczne, społeczne, przyrodnicze lub techniczne z projektami naukowymi oraz współpracą międzynarodową.",Hiszpania,Madrid,40.430000000,-3.711388890,https://www.comillas.edu,http://commons.wikimedia.org/wiki/Special:FilePath/ICADE%20%28Alberto%20Aguilera%2023%2C%20Madrid%29%2001.jpg,ogólny,"hiszpański, angielski",Madrid,Spain
297,1001-1200,Hiszpania,Europa,Universidad Rey Juan Carlos,"Universidad Rey Juan Carlos to hiszpański uniwersytet o szerokim profilu kształcenia i badań z siedzibą w Madrid. Uczelnia łączy programy humanistyczne, społeczne, przyrodnicze lub techniczne z projektami naukowymi oraz współpracą międzynarodową.",Hiszpania,Madrid,40.337777780,-3.875000000,https://www.urjc.es,http://commons.wikimedia.org/wiki/Special:FilePath/Rectorado%20urjc.jpg,ogólny,"hiszpański, angielski",Madrid,Spain
110,851-900,Włochy,Europa,Universita' degli Studi della Tuscia,"Universita' degli Studi della Tuscia to włoski uniwersytet o szerokim profilu kształcenia i badań z siedzibą w Viterbo. Uczelnia łączy programy humanistyczne, społeczne, przyrodnicze lub techniczne z projektami naukowymi oraz współpracą międzynarodową.",Włochy,Viterbo,42.413361111,12.112611111,http://www.unitus.it/,http://commons.wikimedia.org/wiki/Special:FilePath/ChiostroUniversity.jpg,ogólny,"włoski, angielski",Rome,Italy
143,801-850,Włochy,Europa,Universita' degli studi di Salerno,"Universita' degli studi di Salerno to włoski uniwersytet o szerokim profilu kształcenia i badań z siedzibą w Salerno. Uczelnia łączy programy humanistyczne, społeczne, przyrodnicze lub techniczne z projektami naukowymi oraz współpracą międzynarodową.",Włochy,Salerno,40.771111111,14.790555555,https://www.unisa.it,http://commons.wikimedia.org/wiki/Special:FilePath/Vista%20del%20campus%20di%20Fisciano%20dall%27ingresso%20nord%2C%20Universit%C3%A0%20di%20Salerno.jpg,ogólny,"włoski, angielski",Naples,Italy
126,801-850,Włochy,Europa,Universita' Politecnica delle Marche - UNIVPM,"Universita' Politecnica delle Marche - UNIVPM to włoska uczelnia techniczna, której oferta i badania koncentrują się na inżynierii, informatyce oraz naukach ścisłych z siedzibą w Ancona. Uczelnia stawia na zastosowania praktyczne, pracę projektową i współpracę z otoczeniem gospodarczym.",Włochy,Ancona,43.617300000,13.512700000,https://www.univpm.it/Entra/,http://commons.wikimedia.org/wiki/Special:FilePath/UnivPM-Rettorato.jpg,techniczny,"włoski, angielski",Ancona,Italy
425,473,Szwajcaria,Europa,Università della Svizzera italiana,"Università della Svizzera italiana to szwajcarski uniwersytet o szerokim profilu kształcenia i badań. Uczelnia łączy programy humanistyczne, społeczne, przyrodnicze lub techniczne z projektami naukowymi oraz współpracą międzynarodową.",Szwajcaria,Canton of Ticino,46.010800000,8.958220000,https://www.usi.ch/,http://commons.wikimedia.org/wiki/Special:FilePath/USI%20Universit%C3%A0%20della%20Svizzera%20italiana%20Lugano.jpg,ogólny,"niemiecki, francuski, włoski, angielski",Lugano,Switzerland
20,1001-1200,Hiszpania,Europa,Universitat Jaume I,"Universitat Jaume I to hiszpański uniwersytet o szerokim profilu kształcenia i badań z siedzibą w Castellón de la Plana. Uczelnia łączy programy humanistyczne, społeczne, przyrodnicze lub techniczne z projektami naukowymi oraz współpracą międzynarodową.",Hiszpania,Castellón de la Plana,39.994444440,-0.068888890,https://www.uji.es,http://commons.wikimedia.org/wiki/Special:FilePath/UJI%20%282%29.jpg,ogólny,"kataloński, angielski",Valencia,Spain
248,485,Grecja,Europa,Uniwersytet Arystotelesa w Salonikach,"Uniwersytet Arystotelesa w Salonikach to grecki uniwersytet o szerokim profilu kształcenia i badań. Uczelnia łączy programy humanistyczne, społeczne, przyrodnicze lub techniczne z projektami naukowymi oraz współpracą międzynarodową.",Grecja,Thessaloniki Municipality,40.630000000,22.958055555,https://www.auth.gr/,http://commons.wikimedia.org/wiki/Special:FilePath/UAT%20philosophy.jpg,ogólny,"grecki, angielski",Thessaloniki,Greece
200,436,Hiszpania,Europa,Universitat Ramon Llull,"Universitat Ramon Llull to hiszpański uniwersytet o szerokim profilu kształcenia i badań. Uczelnia łączy programy humanistyczne, społeczne, przyrodnicze lub techniczne z projektami naukowymi oraz współpracą międzynarodową.",Hiszpania,Sant Gervasi-la Bonanova,41.411583333,2.132916666,https://www.url.edu,http://commons.wikimedia.org/wiki/Special:FilePath/Barcelona%20-%20sign%20by%20Universitat%20Ramon%20Llull%20entrance%20at%20Carrer%20de%20Claraval%2C%203.jpg,ogólny,"hiszpański, angielski",Barcelona,Spain
392,688,Francja,Europa,Université Côte d’Azur,"Université Côte d’Azur to francuski uniwersytet o szerokim profilu kształcenia i badań z siedzibą w Nice. Uczelnia łączy programy humanistyczne, społeczne, przyrodnicze lub techniczne z projektami naukowymi oraz współpracą międzynarodową.",Francja,Nice,43.716896662,7.266552716,https://univ-cotedazur.fr/,http://commons.wikimedia.org/wiki/Special:FilePath/Campus%20de%20Nice.jpg,ogólny,"francuski, angielski",Nice,France
372,751-760,Francja,Europa,Université de Lorraine,"Université de Lorraine to francuski uniwersytet o szerokim profilu kształcenia i badań. Uczelnia łączy programy humanistyczne, społeczne, przyrodnicze lub techniczne z projektami naukowymi oraz współpracą międzynarodową.",Francja,Nancy,48.696236000,6.176544000,https://www.univ-lorraine.fr/,http://commons.wikimedia.org/wiki/Special:FilePath/Pont-%C3%A0-Mousson%20ancienne%20universit%C3%A9%20j%C3%A9suite%201.jpg,ogólny,"francuski, angielski",dane krajowe (Eurostat 2020),France
362,321,Francja,Europa,Université Grenoble Alpes,"Université Grenoble Alpes to francuski uniwersytet o szerokim profilu kształcenia i badań. Uczelnia łączy programy humanistyczne, społeczne, przyrodnicze lub techniczne z projektami naukowymi oraz współpracą międzynarodową.",Francja,Grenoble,45.193055555,5.766944444,https://www.univ-grenoble-alpes.fr/,http://commons.wikimedia.org/wiki/Special:FilePath/Grenoble%20Campus%202016.jpg,ogólny,"francuski, angielski",Grenoble,France
334,227,Belgia,Europa,Université libre de Bruxelles,"Université libre de Bruxelles to belgijski uniwersytet o szerokim profilu kształcenia i badań. Uczelnia łączy programy humanistyczne, społeczne, przyrodnicze lub techniczne z projektami naukowymi oraz współpracą międzynarodową.",Belgia,Brussels,50.811667000,4.381111000,https://www.ulb.be/,http://commons.wikimedia.org/wiki/Special:FilePath/ULB%2020050712.jpg,ogólny,"francuski, angielski",Brussels,Belgium
212,300,Francja,Europa,Université Paris Cité,"Université Paris Cité to francuski uniwersytet badawczy o szerokim profilu akademickim z siedzibą w Paris. Dzięki położeniu w dużym ośrodku miejskim uczelnia oferuje dobre warunki do współpracy z instytucjami publicznymi, firmami, organizacjami kultury i partnerami międzynarodowymi.",Francja,Paris,48.852951111,2.336785277,https://u-paris.fr,http://commons.wikimedia.org/wiki/Special:FilePath/Universit%C3%A9%20Paris%20Descartes%2C%20Paris%20July%202014.jpg,ogólny,"francuski, angielski",Paris,France
410,246,Irlandia,Europa,University College Cork,"University College Cork to irlandzki uniwersytet o szerokim profilu kształcenia i badań z siedzibą w Cork. Uczelnia łączy programy humanistyczne, społeczne, przyrodnicze lub techniczne z projektami naukowymi oraz współpracą międzynarodową.",Irlandia,Cork,51.892910000,-8.492890000,https://www.ucc.ie,http://commons.wikimedia.org/wiki/Special:FilePath/County%20Cork%20-%20University%20College%20Cork%20-%2020190125141016.jpg,ogólny,angielski,Cork,Ireland
373,118,Irlandia,Europa,University College Dublin,"University College Dublin to irlandzki uniwersytet o szerokim profilu kształcenia i badań z siedzibą w Dublin. Uczelnia łączy programy humanistyczne, społeczne, przyrodnicze lub techniczne z projektami naukowymi oraz współpracą międzynarodową.",Irlandia,Dublin,53.307600000,-6.219810000,https://www.ucd.ie/,http://commons.wikimedia.org/wiki/Special:FilePath/University%20College%20Dublin%20Campus%20Photo1.jpg,ogólny,angielski,Dublin,Ireland
31,9,Wielka Brytania,Europa,University College London,"University College London to duży, interdyscyplinarny uniwersytet badawczy w Londynie. Wyróżnia się szeroką ofertą kierunków, silnymi badaniami medycznymi i społecznymi oraz miejskim, międzynarodowym charakterem kampusu.",Wielka Brytania,Bloomsbury,51.524722222,-0.133611111,https://www.ucl.ac.uk,http://commons.wikimedia.org/wiki/Special:FilePath/Wilkins%20Building%201%2C%20UCL%2C%20London%20-%20Diliff.jpg,ogólny,angielski,London,United Kingdom
449,306,Dania,Europa,Uniwersytet Aalborg,"Uniwersytet Aalborg to duński uniwersytet o szerokim profilu kształcenia i badań. Uczelnia łączy programy humanistyczne, społeczne, przyrodnicze lub techniczne z projektami naukowymi oraz współpracą międzynarodową.",Dania,Aalborg Municipality,57.015000000,9.985000000,https://www.aau.dk,http://commons.wikimedia.org/wiki/Special:FilePath/AAU%2020210406%203%20ubt.jpg,ogólny,"duński, angielski",Aalborg,Denmark
263,114,Finlandia,Europa,Uniwersytet Aalto,"Uniwersytet Aalto to fiński uniwersytet o szerokim profilu kształcenia i badań z siedzibą w Espoo. Uczelnia łączy programy humanistyczne, społeczne, przyrodnicze lub techniczne z projektami naukowymi oraz współpracą międzynarodową.",Finlandia,Espoo,60.186111000,24.828611000,https://www.aalto.fi/,http://commons.wikimedia.org/wiki/Special:FilePath/Aalto%20yliopisto%20Otaniemi%202018.jpg,ogólny,"fiński, szwedzki, angielski",Espoo,Finland
328,741-750,Wielka Brytania,Europa,Uniwersytet Aberystwyth,"Uniwersytet Aberystwyth to brytyjski uniwersytet o szerokim profilu kształcenia i badań z siedzibą w Aberystwyth. Uczelnia łączy programy humanistyczne, społeczne, przyrodnicze lub techniczne z projektami naukowymi oraz współpracą międzynarodową.",Wielka Brytania,Aberystwyth,52.418060000,-4.065760000,https://www.aber.ac.uk/en/,http://commons.wikimedia.org/wiki/Special:FilePath/Aberystwyth%20Old%20University%20Building.jpg,ogólny,angielski,Newport,United Kingdom
354,428,Francja,Europa,Uniwersytet Aix-Marseille,"Uniwersytet Aix-Marseille to francuski uniwersytet o szerokim profilu kształcenia i badań. Uczelnia łączy programy humanistyczne, społeczne, przyrodnicze lub techniczne z projektami naukowymi oraz współpracą międzynarodową.",Francja,Marseille,43.293494444,5.357841666,https://www.univ-amu.fr/,,ogólny,"francuski, angielski",Marseille,France
276,1001-1200,Rumunia,Europa,Uniwersytet Alexandru Ioan Cuza,"Uniwersytet Alexandru Ioan Cuza to rumuński uniwersytet o szerokim profilu kształcenia i badań z siedzibą w Iași. Uczelnia łączy programy humanistyczne, społeczne, przyrodnicze lub techniczne z projektami naukowymi oraz współpracą międzynarodową.",Rumunia,Iași,47.174230555,27.571691666,http://www.uaic.ro/,http://commons.wikimedia.org/wiki/Special:FilePath/Univ%20Al%20I%20Cuza%20Ia%C5%9Fi.jpg,ogólny,"rumuński, angielski",Iasi,Romania
347,53,Holandia,Europa,Uniwersytet Amsterdamski,"Uniwersytet Amsterdamski to holenderski uniwersytet o szerokim profilu kształcenia i badań z siedzibą w Amsterdam. Uczelnia łączy programy humanistyczne, społeczne, przyrodnicze lub techniczne z projektami naukowymi oraz współpracą międzynarodową.",Holandia,Amsterdam,52.368333333,4.890277777,https://www.uva.nl/,http://commons.wikimedia.org/wiki/Special:FilePath/University%20of%20Amsterdam%20235%202094.jpg,ogólny,"niderlandzki, angielski",Amsterdam,Netherlands
85,395,Wielka Brytania,Europa,Uniwersytet Aston,"Uniwersytet Aston to brytyjski uniwersytet o szerokim profilu kształcenia i badań z siedzibą w Birmingham. Uczelnia łączy programy humanistyczne, społeczne, przyrodnicze lub techniczne z projektami naukowymi oraz współpracą międzynarodową.",Wielka Brytania,Birmingham,52.486000000,-1.889500000,http://www.aston.ac.uk/,http://commons.wikimedia.org/wiki/Special:FilePath/Aston%20Uni%20Lakeside%2001.JPG,ogólny,angielski,Birmingham,United Kingdom
196,172,Hiszpania,Europa,Uniwersytet Autonomiczny w Barcelonie,"Uniwersytet Autonomiczny w Barcelonie to hiszpański uniwersytet badawczy o szerokim profilu akademickim z siedzibą w Cerdanyola del Vallès. Dzięki położeniu w dużym ośrodku miejskim uczelnia oferuje dobre warunki do współpracy z instytucjami publicznymi, firmami, organizacjami kultury i partnerami międzynarodowymi.",Hiszpania,Cerdanyola del Vallès,41.500277777,2.107777777,https://www.uab.cat,http://commons.wikimedia.org/wiki/Special:FilePath/Las%20cuatro%20columnas%20en%20la%20UAB.jpg,ogólny,"hiszpański, angielski",Barcelona,Spain
290,206,Hiszpania,Europa,Uniwersytet Autonomiczny w Madrycie,"Uniwersytet Autonomiczny w Madrycie to hiszpański uniwersytet badawczy o szerokim profilu akademickim z siedzibą w Madrid. Dzięki położeniu w dużym ośrodku miejskim uczelnia oferuje dobre warunki do współpracy z instytucjami publicznymi, firmami, organizacjami kultury i partnerami międzynarodowymi.",Hiszpania,Madrid,40.545300000,-3.696110000,https://www.uam.es,http://commons.wikimedia.org/wiki/Special:FilePath/Madrid%20-%20Campus%20de%20la%20Universidad%20Aut%C3%B3noma%20de%20Madrid%20%28UAM%29-Rectorado%201.JPG,ogólny,"hiszpański, angielski",Madrid,Spain
251,761-770,Rumunia,Europa,Uniwersytet Babes-Bolyai,"Uniwersytet Babes-Bolyai to rumuński uniwersytet o szerokim profilu kształcenia i badań z siedzibą w Cluj-Napoca. Uczelnia łączy programy humanistyczne, społeczne, przyrodnicze lub techniczne z projektami naukowymi oraz współpracą międzynarodową.",Rumunia,Cluj-Napoca,46.767777777,23.591111111,https://www.ubbcluj.ro/ro/,http://commons.wikimedia.org/wiki/Special:FilePath/Cluj-Napoca%20University%20of%20Babes-Bolyai.JPG,ogólny,"rumuński, angielski",Cluj-Napoca,Romania
329,566,Wielka Brytania,Europa,Uniwersytet Bangor,"Uniwersytet Bangor to brytyjski uniwersytet o szerokim profilu kształcenia i badań z siedzibą w Gwynedd. Uczelnia łączy programy humanistyczne, społeczne, przyrodnicze lub techniczne z projektami naukowymi oraz współpracą międzynarodową.",Wielka Brytania,Gwynedd,53.228900000,-4.130100000,https://www.bangor.ac.uk/,http://commons.wikimedia.org/wiki/Special:FilePath/Bangor%20University%20%2850555605717%29.jpg,ogólny,angielski,Liverpool,United Kingdom
201,160,Hiszpania,Europa,Uniwersytet Barceloński,"Uniwersytet Barceloński to hiszpański uniwersytet badawczy o szerokim profilu akademickim z siedzibą w Barcelona. Dzięki położeniu w dużym ośrodku miejskim uczelnia oferuje dobre warunki do współpracy z instytucjami publicznymi, firmami, organizacjami kultury i partnerami międzynarodowymi.",Hiszpania,Barcelona,41.386666666,2.163888888,https://web.ub.edu/web/ub/,http://commons.wikimedia.org/wiki/Special:FilePath/Universitat%20de%20Barcelona%20-%20panoramio%20%281%29.jpg,ogólny,"kataloński, angielski",Barcelona,Spain
395,158,Szwajcaria,Europa,Uniwersytet Bazylejski,"Uniwersytet Bazylejski to szwajcarski uniwersytet o szerokim profilu kształcenia i badań z siedzibą w Basel. Uczelnia łączy programy humanistyczne, społeczne, przyrodnicze lub techniczne z projektami naukowymi oraz współpracą międzynarodową.",Szwajcaria,Basel,47.558520000,7.583460000,https://www.unibas.ch/,http://commons.wikimedia.org/wiki/Special:FilePath/Old%20University%20Basel.jpg,ogólny,"niemiecki, angielski",Basel,Switzerland
230,761-770,Serbia,Europa,Uniwersytet Belgradzki,"Uniwersytet Belgradzki to serbski uniwersytet o szerokim profilu kształcenia i badań z siedzibą w Belgrade. Uczelnia łączy programy humanistyczne, społeczne, przyrodnicze lub techniczne z projektami naukowymi oraz współpracą międzynarodową.",Serbia,Belgrade,44.818611111,20.457500000,https://www.bg.ac.rs/,http://commons.wikimedia.org/wiki/Special:FilePath/Rektorat%20Beogradskog%20univerziteta.jpg,ogólny,"angielski, język lokalny",Belgrade,Serbia
394,184,Szwajcaria,Europa,Uniwersytet Berneński,"Uniwersytet Berneński to szwajcarski uniwersytet o szerokim profilu kształcenia i badań z siedzibą w Bern. Uczelnia łączy programy humanistyczne, społeczne, przyrodnicze lub techniczne z projektami naukowymi oraz współpracą międzynarodową.",Szwajcaria,Bern,46.950000000,7.437000000,https://www.unibe.ch/,http://commons.wikimedia.org/wiki/Special:FilePath/Universit%C3%A4t%20Bern.JPG,ogólny,"niemiecki, francuski, włoski, angielski",Bern,Switzerland
87,1001-1200,Wielka Brytania,Europa,Uniwersytet Birmingham City,"Uniwersytet Birmingham City to brytyjski uniwersytet o szerokim profilu kształcenia i badań z siedzibą w Birmingham. Uczelnia łączy programy humanistyczne, społeczne, przyrodnicze lub techniczne z projektami naukowymi oraz współpracą międzynarodową.",Wielka Brytania,Birmingham,52.517222222,-1.898055555,https://www.bcu.ac.uk,http://commons.wikimedia.org/wiki/Special:FilePath/Bar%2042%20UCE%20Birmingham.JPG,ogólny,angielski,Birmingham,United Kingdom
100,138,Włochy,Europa,Uniwersytet Boloński,"Uniwersytet Boloński jest uznawany za najstarszy działający uniwersytet w Europie, z tradycją sięgającą XI wieku. Dziś jest dużą uczelnią badawczą o szerokiej ofercie kierunków i silnej obecności międzynarodowej, także dzięki sieci kampusów we Włoszech.",Włochy,Bologna,44.493888888,11.342777777,https://www.unibo.it,http://commons.wikimedia.org/wiki/Special:FilePath/Palazzo%20Poggi%20UniBo.jpg,ogólny,"włoski, angielski",Bologna,Italy
86,801-850,Wielka Brytania,Europa,Uniwersytet Bournemouth,"Uniwersytet Bournemouth to brytyjski uniwersytet o szerokim profilu kształcenia i badań z siedzibą w Bournemouth, Christchurch and Poole. Uczelnia łączy programy humanistyczne, społeczne, przyrodnicze lub techniczne z projektami naukowymi oraz współpracą międzynarodową.",Wielka Brytania,"Bournemouth, Christchurch and Poole",50.743200000,-1.896900000,http://www.bournemouth.ac.uk,http://commons.wikimedia.org/wiki/Special:FilePath/Bournemouth%20Uni%20entrance.jpg,ogólny,angielski,Bournemouth,United Kingdom
273,761-770,Rumunia,Europa,Uniwersytet Bukareszteński,"Uniwersytet Bukareszteński to rumuński uniwersytet o szerokim profilu kształcenia i badań z siedzibą w Bucharest. Uczelnia łączy programy humanistyczne, społeczne, przyrodnicze lub techniczne z projektami naukowymi oraz współpracą międzynarodową.",Rumunia,Bucharest,44.435555555,26.101116666,https://unibuc.ro/,http://commons.wikimedia.org/wiki/Special:FilePath/Bucharest%20university.jpg,ogólny,"rumuński, angielski",Bucharest,Romania
3,660,Włochy,Europa,Uniwersytet Ca’ Foscari w Wenecji,"Uniwersytet Ca’ Foscari w Wenecji to włoski uniwersytet o szerokim profilu kształcenia i badań z siedzibą w Venice. Uczelnia łączy programy humanistyczne, społeczne, przyrodnicze lub techniczne z projektami naukowymi oraz współpracą międzynarodową.",Włochy,Venice,45.434464000,12.327145000,https://www.unive.it,http://commons.wikimedia.org/wiki/Special:FilePath/%28Venice%29%20Ca%27%20Foscari.jpg,ogólny,"włoski, angielski",Venice,Italy
25,6,Wielka Brytania,Europa,Uniwersytet Cambridge,"Uniwersytet Cambridge to kolegialny uniwersytet badawczy o wyjątkowo długiej tradycji akademickiej i silnej pozycji w naukach ścisłych, medycynie oraz humanistyce. Uczelnia jest znana z ekosystemu innowacji Cambridge oraz licznych powiązań z laboratoriami, startupami i instytutami badawczymi.",Wielka Brytania,Cambridgeshire,52.205355979,0.113157269,https://www.cam.ac.uk/,http://commons.wikimedia.org/wiki/Special:FilePath/St%20John%27s%20College%20Second%20Court%2C%20Cambridge%2C%20UK%20-%20Diliff.jpg,ogólny,angielski,Cambridge,United Kingdom
55,1201-1400,Wielka Brytania,Europa,Uniwersytet Canterbury Christ Church,"Uniwersytet Canterbury Christ Church to brytyjski uniwersytet o szerokim profilu kształcenia i badań z siedzibą w Canterbury. Uczelnia łączy programy humanistyczne, społeczne, przyrodnicze lub techniczne z projektami naukowymi oraz współpracą międzynarodową.",Wielka Brytania,Canterbury,51.279722222,1.089166666,http://www.canterbury.ac.uk/,http://commons.wikimedia.org/wiki/Special:FilePath/Canterbury%20Christ%20Church%20University%20-%20geograph.org.uk%20-%20984484.jpg,ogólny,angielski,Canterbury,United Kingdom
144,851-900,Włochy,Europa,Uniwersytet Catania,"Uniwersytet Catania to włoski uniwersytet o szerokim profilu kształcenia i badań z siedzibą w Catania. Uczelnia łączy programy humanistyczne, społeczne, przyrodnicze lub techniczne z projektami naukowymi oraz współpracą międzynarodową.",Włochy,Catania,37.503600000,15.086700000,https://www.unict.it,http://commons.wikimedia.org/wiki/Special:FilePath/Catania%20BW%202012-10-06%2011-26-20.JPG,ogólny,"włoski, angielski",Catania,Italy
137,638,Czechy,Europa,Uniwersytet Chemii i Technologii w Pradze,"Uniwersytet Chemii i Technologii w Pradze to czeska uczelnia techniczna skoncentrowana na inżynierii, naukach ścisłych i technologiach stosowanych z siedzibą w Prague. Szczególnie dobrze pasuje do osób zainteresowanych laboratoriami, projektami badawczo-rozwojowymi, informatyką, automatyką, energetyką lub współpracą z przemysłem.",Czechy,Prague,50.103319000,14.389892000,http://www.vscht.cz/,http://commons.wikimedia.org/wiki/Special:FilePath/ChemTech%20Institute%2C%20Prague%20Dejvice.jpg,techniczny,"czeski, angielski",dane krajowe (Eurostat 2020),Czech Republic
345,587,Francja,Europa,Uniwersytet Claude Bernard Lyon 1,"Uniwersytet Claude Bernard Lyon 1 to francuski uniwersytet o szerokim profilu kształcenia i badań. Uczelnia łączy programy humanistyczne, społeczne, przyrodnicze lub techniczne z projektami naukowymi oraz współpracą międzynarodową.",Francja,Lyon,45.781550150,4.868178177,https://www.univ-lyon1.fr/,http://commons.wikimedia.org/wiki/Special:FilePath/IUFM%20Croix%20Rousse.JPG,ogólny,"francuski, angielski",Lyon,France
293,187,Hiszpania,Europa,Uniwersytet Complutense w Madrycie,"Uniwersytet Complutense w Madrycie to hiszpański uniwersytet badawczy o szerokim profilu akademickim z siedzibą w Madrid. Dzięki położeniu w dużym ośrodku miejskim uczelnia oferuje dobre warunki do współpracy z instytucjami publicznymi, firmami, organizacjami kultury i partnerami międzynarodowymi.",Hiszpania,Madrid,40.449038888,-3.727030555,https://www.ucm.es,http://commons.wikimedia.org/wiki/Special:FilePath/Rectorado%20de%20la%20Universidad%20Complutense%20de%20Madrid.jpg,ogólny,"hiszpański, angielski",Madrid,Spain
74,558,Wielka Brytania,Europa,Uniwersytet Coventry,"Uniwersytet Coventry to brytyjski uniwersytet o szerokim profilu kształcenia i badań. Uczelnia łączy programy humanistyczne, społeczne, przyrodnicze lub techniczne z projektami naukowymi oraz współpracą międzynarodową.",Wielka Brytania,Coventry,52.408055555,-1.505555555,https://www.coventry.ac.uk/,http://commons.wikimedia.org/wiki/Special:FilePath/Coventry%20University.jpeg,ogólny,angielski,Coventry,United Kingdom
193,951-1000,Francja,Europa,Uniwersytet CY Cergy Paris,"Uniwersytet CY Cergy Paris to francuski uniwersytet badawczy o szerokim profilu akademickim. Dzięki położeniu w dużym ośrodku miejskim uczelnia oferuje dobre warunki do współpracy z instytucjami publicznymi, firmami, organizacjami kultury i partnerami międzynarodowymi.",Francja,Cergy,49.038889000,2.075000000,https://www.cyu.fr,http://commons.wikimedia.org/wiki/Special:FilePath/CY-Cergy-Paris-Universit%C3%A9-Ch%C3%AAnes.jpg,ogólny,"francuski, angielski",Paris,France
58,801-850,Wielka Brytania,Europa,Uniwersytet De Montfort,"Uniwersytet De Montfort to brytyjski uniwersytet o szerokim profilu kształcenia i badań. Uczelnia łączy programy humanistyczne, społeczne, przyrodnicze lub techniczne z projektami naukowymi oraz współpracą międzynarodową.",Wielka Brytania,City of Leicester,52.629800700,-1.139642400,http://www.dmu.ac.uk/,http://commons.wikimedia.org/wiki/Special:FilePath/Hawthorn%20Building2.jpg,ogólny,angielski,Leicester,United Kingdom
443,1401+,Włochy,Europa,Uniwersytet degli studi di Bergamo,"Uniwersytet degli studi di Bergamo to włoski uniwersytet o szerokim profilu kształcenia i badań z siedzibą w Bergamo. Uczelnia łączy programy humanistyczne, społeczne, przyrodnicze lub techniczne z projektami naukowymi oraz współpracą międzynarodową.",Włochy,Bergamo,45.704534888,9.660692500,https://www.unibg.it,http://commons.wikimedia.org/wiki/Special:FilePath/Universit%C3%A0%20di%20Bergamo%2C%20campus%20Dalmine.jpg,ogólny,"włoski, angielski",Bergamo,Italy
112,901-950,Włochy,Europa,Uniwersytet degli Studi Roma Tre,"Uniwersytet degli Studi Roma Tre to włoski uniwersytet o szerokim profilu kształcenia i badań z siedzibą w Rome. Uczelnia łączy programy humanistyczne, społeczne, przyrodnicze lub techniczne z projektami naukowymi oraz współpracą międzynarodową.",Włochy,Rome,41.862500000,12.478888888,http://www.uniroma3.it,http://commons.wikimedia.org/wiki/Special:FilePath/Roma%203%20Economia%2001821-2.JPG,ogólny,"włoski, angielski",Rome,Italy
386,801-850,Niemcy,Europa,Uniwersytet Duisburg-Essen,"Uniwersytet Duisburg-Essen to niemiecki uniwersytet o szerokim profilu kształcenia i badań z siedzibą w North Rhine-Westphalia. Uczelnia łączy programy humanistyczne, społeczne, przyrodnicze lub techniczne z projektami naukowymi oraz współpracą międzynarodową.",Niemcy,North Rhine-Westphalia,51.463889000,7.006111000,https://www.uni-due.de/,http://commons.wikimedia.org/wiki/Special:FilePath/Universit%C3%A4t%20Duisburg%20Essen.jpg,ogólny,"niemiecki, angielski",Cologne,Germany
430,215,Niemcy,Europa,Uniwersytet Eberharda Karola w Tybindze,"Uniwersytet Eberharda Karola w Tybindze to niemiecki uniwersytet o szerokim profilu kształcenia i badań z siedzibą w Tübingen. Uczelnia łączy programy humanistyczne, społeczne, przyrodnicze lub techniczne z projektami naukowymi oraz współpracą międzynarodową.",Niemcy,Tübingen,48.525000000,9.058888888,https://uni-tuebingen.de/,http://commons.wikimedia.org/wiki/Special:FilePath/Alte-aula-tuebingen-2018.jpg,ogólny,"niemiecki, angielski",Stuttgart,Germany
284,851-900,Wielka Brytania,Europa,Uniwersytet Edinburgh Napier,"Uniwersytet Edinburgh Napier to brytyjski uniwersytet o szerokim profilu kształcenia i badań. Uczelnia łączy programy humanistyczne, społeczne, przyrodnicze lub techniczne z projektami naukowymi oraz współpracą międzynarodową.",Wielka Brytania,City of Edinburgh,55.922939000,-3.228033000,https://www.napier.ac.uk/,http://commons.wikimedia.org/wiki/Special:FilePath/Craiglockhart.jpg,ogólny,angielski,Edinburgh,United Kingdom
283,34,Wielka Brytania,Europa,Uniwersytet Edynburski,"Uniwersytet Edynburski to szkocki uniwersytet badawczy o silnej pozycji w informatyce, medycynie, naukach społecznych i humanistyce. Uczelnia jest ważną częścią ekosystemu naukowego Edynburga, szczególnie w obszarach danych, sztucznej inteligencji i zdrowia.",Wielka Brytania,City of Edinburgh,55.947388888,-3.187194444,https://www.ed.ac.uk,http://commons.wikimedia.org/wiki/Special:FilePath/Old%20College%20Quad.jpg,ogólny,angielski,Edinburgh,United Kingdom
253,951-1000,Grecja,Europa,Uniwersytet Ekonomii i Biznesu w Atenach,"Uniwersytet Ekonomii i Biznesu w Atenach to grecka uczelnia lub szkoła wyższa o silnym profilu ekonomicznym, menedżerskim i społecznym z siedzibą w Athens. Wyróżnia się programami związanymi z biznesem, finansami, analizą danych, administracją lub polityką publiczną, często prowadzonymi w środowisku międzynarodowym.",Grecja,Athens,37.993888888,23.732222222,http://www.aueb.gr/,http://commons.wikimedia.org/wiki/Special:FilePath/%CE%9C%CE%B1%CF%81%CE%AC%CF%83%CE%BB%CE%B5%CE%B9%CE%BF%20%CE%9C%CE%AD%CE%B3%CE%B1%CF%81%CE%BF%209723.jpg,biznesowy,"grecki, angielski",Athens,Greece
338,140,Holandia,Europa,Uniwersytet Erazma w Rotterdamie,"Uniwersytet Erazma w Rotterdamie to holenderski uniwersytet o szerokim profilu kształcenia i badań z siedzibą w Rotterdam. Uczelnia łączy programy humanistyczne, społeczne, przyrodnicze lub techniczne z projektami naukowymi oraz współpracą międzynarodową.",Holandia,Rotterdam,51.918061111,4.525830555,http://www.eur.nl/,http://commons.wikimedia.org/wiki/Special:FilePath/EURbuilding.jpg,ogólny,"niderlandzki, angielski",Rotterdam,Netherlands
99,404,Włochy,Europa,Uniwersytet Florencki,"Uniwersytet Florencki to włoski uniwersytet o szerokim profilu kształcenia i badań z siedzibą w Florence. Uczelnia łączy programy humanistyczne, społeczne, przyrodnicze lub techniczne z projektami naukowymi oraz współpracą międzynarodową.",Włochy,Florence,43.777770000,11.259510000,https://www.unifi.it/,http://commons.wikimedia.org/wiki/Special:FilePath/Rettorato%20firenze%2C%20aula%20magna%2002.JPG,ogólny,"włoski, angielski",Florence,Italy
15,851-900,Francja,Europa,Uniwersytet Franche-Comté,"Uniwersytet Franche-Comté to francuski uniwersytet o szerokim profilu kształcenia i badań. Uczelnia łączy programy humanistyczne, społeczne, przyrodnicze lub techniczne z projektami naukowymi oraz współpracą międzynarodową.",Francja,Besancon,47.240000000,6.020000000,https://umlp.fr/,http://commons.wikimedia.org/wiki/Special:FilePath/UFR%20SLHS%20Universite%20de%20Franche%20Comte.jpg,ogólny,"francuski, angielski",dane krajowe (Eurostat 2020),France
97,232,Niemcy,Europa,Uniwersytet Fryderyka i Aleksandra w Erlangen i Norymberdze,"Uniwersytet Fryderyka i Aleksandra w Erlangen i Norymberdze to niemiecki uniwersytet o szerokim profilu kształcenia i badań z siedzibą w Bavaria. Uczelnia łączy programy humanistyczne, społeczne, przyrodnicze lub techniczne z projektami naukowymi oraz współpracą międzynarodową.",Niemcy,Bavaria,49.600717498,11.004722360,https://www.fau.de/,http://commons.wikimedia.org/wiki/Special:FilePath/Kollegienhaus%20universitaet-erlangen.jpg,ogólny,"niemiecki, angielski",Munich,Germany
292,162,Belgia,Europa,Uniwersytet Gandawski,"Uniwersytet Gandawski to belgijski uniwersytet o szerokim profilu kształcenia i badań z siedzibą w Ghent. Uczelnia łączy programy humanistyczne, społeczne, przyrodnicze lub techniczne z projektami naukowymi oraz współpracą międzynarodową.",Belgia,Ghent,51.043888888,3.726111111,https://www.ugent.be/,http://commons.wikimedia.org/wiki/Special:FilePath/Boekentoren%202010PM%201184%2021H9022.JPG,ogólny,"francuski, angielski",Gent,Belgium
177,851-900,Polska,Europa,Uniwersytet Gdański,"Uniwersytet Gdański to polski uniwersytet o szerokim profilu kształcenia i badań z siedzibą w Gdańsk. Uczelnia łączy programy humanistyczne, społeczne, przyrodnicze lub techniczne z projektami naukowymi oraz współpracą międzynarodową.",Polska,Gdańsk,54.399444444,18.568611111,https://ug.edu.pl,http://commons.wikimedia.org/wiki/Special:FilePath/Mrongowiusz%20na%20tle%20Wydzia%C5%82u%20Biologii%20UG.JPG,ogólny,"polski, angielski",Gdansk,Poland
371,155,Szwajcaria,Europa,Uniwersytet Genewski,"Uniwersytet Genewski to szwajcarski uniwersytet o szerokim profilu kształcenia i badań z siedzibą w Geneva. Uczelnia łączy programy humanistyczne, społeczne, przyrodnicze lub techniczne z projektami naukowymi oraz współpracą międzynarodową.",Szwajcaria,Geneva,46.198990000,6.144460000,https://www.unige.ch,http://commons.wikimedia.org/wiki/Special:FilePath/GenevaUniversity.JPG,ogólny,"niemiecki, francuski, włoski, angielski",Geneva,Switzerland
446,243,Niemcy,Europa,Uniwersytet Georga Augusta w Getyndze,"Uniwersytet Georga Augusta w Getyndze to niemiecki uniwersytet o szerokim profilu kształcenia i badań z siedzibą w Göttingen. Uczelnia łączy programy humanistyczne, społeczne, przyrodnicze lub techniczne z projektami naukowymi oraz współpracą międzynarodową.",Niemcy,Göttingen,51.533979833,9.937920000,https://www.uni-goettingen.de/,http://commons.wikimedia.org/wiki/Special:FilePath/G%C3%B6ttingen%20asv2022-06%20img42%20Uni%20Aula%20Wilhelmsplatz.jpg,ogólny,"niemiecki, angielski",Gottingen,Germany
332,1001-1200,Wielka Brytania,Europa,Uniwersytet Glasgow Caledonian,"Uniwersytet Glasgow Caledonian to brytyjski uniwersytet o szerokim profilu kształcenia i badań. Uczelnia łączy programy humanistyczne, społeczne, przyrodnicze lub techniczne z projektami naukowymi oraz współpracą międzynarodową.",Wielka Brytania,Glasgow City,55.867194444,-4.250194444,https://www.gcu.ac.uk/,http://commons.wikimedia.org/wiki/Special:FilePath/GCU%20Campus%20View.png,ogólny,angielski,Glasgow,United Kingdom
418,316,Niemcy,Europa,Uniwersytet Goethego we Frankfurcie nad Menem,"Uniwersytet Goethego we Frankfurcie nad Menem to niemiecki uniwersytet o szerokim profilu kształcenia i badań z siedzibą w Frankfurt. Uczelnia łączy programy humanistyczne, społeczne, przyrodnicze lub techniczne z projektami naukowymi oraz współpracą międzynarodową.",Niemcy,Frankfurt,50.127910000,8.669440000,https://www.goethe-university-frankfurt.de/,http://commons.wikimedia.org/wiki/Special:FilePath/Frankfurt%20Bockenheim%20J%C3%BCgelhaus%2022.jpg,ogólny,"niemiecki, angielski",Frankfurt,Germany
448,193,Niemcy,Europa,Uniwersytet Hamburski,"Uniwersytet Hamburski to niemiecki uniwersytet o szerokim profilu kształcenia i badań z siedzibą w Hamburg. Uczelnia łączy programy humanistyczne, społeczne, przyrodnicze lub techniczne z projektami naukowymi oraz współpracą międzynarodową.",Niemcy,Hamburg,53.565651296,9.984776342,https://uni-hamburg.de,http://commons.wikimedia.org/wiki/Special:FilePath/UniHHHauptgebaeude.jpg,ogólny,"niemiecki, angielski",Hamburg,Germany
264,116,Finlandia,Europa,Uniwersytet Helsiński,"Uniwersytet Helsiński to fiński uniwersytet o szerokim profilu kształcenia i badań z siedzibą w Helsinki. Uczelnia łączy programy humanistyczne, społeczne, przyrodnicze lub techniczne z projektami naukowymi oraz współpracą międzynarodową.",Finlandia,Helsinki,60.169444444,24.950000000,https://www.helsinki.fi/en,http://commons.wikimedia.org/wiki/Special:FilePath/University%20of%20Helsinki%2C%20Main%20Building%20%2852890870759%29.jpg,ogólny,"fiński, szwedzki, angielski",Helsinki,Finland
285,287,Wielka Brytania,Europa,Uniwersytet Heriot-Watt,"Uniwersytet Heriot-Watt to brytyjski uniwersytet o szerokim profilu kształcenia i badań. Uczelnia łączy programy humanistyczne, społeczne, przyrodnicze lub techniczne z projektami naukowymi oraz współpracą międzynarodową.",Wielka Brytania,City of Edinburgh,55.909362000,-3.320113000,https://www.hw.ac.uk/,http://commons.wikimedia.org/wiki/Special:FilePath/Heriot%20Watt%20University%20Scottish%20Borders%20Campus%20-%20geograph.org.uk%20-%20210840.jpg,ogólny,angielski,Edinburgh,United Kingdom
441,711-720,Niemcy,Europa,Uniwersytet Hohenheim,"Uniwersytet Hohenheim to niemiecki uniwersytet o szerokim profilu kształcenia i badań z siedzibą w Stuttgart. Uczelnia łączy programy humanistyczne, społeczne, przyrodnicze lub techniczne z projektami naukowymi oraz współpracą międzynarodową.",Niemcy,Stuttgart,48.712500000,9.214000000,https://www.uni-hohenheim.de/,http://commons.wikimedia.org/wiki/Special:FilePath/Universit%C3%A4t%20Hohenheim%20R0010108.jpg,ogólny,"niemiecki, angielski",Stuttgart,Germany
125,130,Niemcy,Europa,Uniwersytet Humboldtów w Berlinie,"Uniwersytet Humboldtów w Berlinie to niemiecki uniwersytet badawczy o szerokim profilu akademickim z siedzibą w Berlin. Dzięki położeniu w dużym ośrodku miejskim uczelnia oferuje dobre warunki do współpracy z instytucjami publicznymi, firmami, organizacjami kultury i partnerami międzynarodowymi.",Niemcy,Berlin,52.518055555,13.393333333,https://www.hu-berlin.de/,http://commons.wikimedia.org/wiki/Special:FilePath/Berl%C3%ADn%20Humboldtova%20univerzita%203.jpg,ogólny,"niemiecki, angielski",Berlin,Germany
161,741-750,Polska,Europa,Uniwersytet im. Adama Mickiewicza w Poznaniu,"Uniwersytet im. Adama Mickiewicza w Poznaniu to polski uniwersytet o szerokim profilu kształcenia i badań z siedzibą w Poznań. Uczelnia łączy programy humanistyczne, społeczne, przyrodnicze lub techniczne z projektami naukowymi oraz współpracą międzynarodową.",Polska,Poznań,52.404700000,16.915500000,http://www.amu.edu.pl/,http://commons.wikimedia.org/wiki/Special:FilePath/Poznan%2010-2013%20img06%20University.jpg,ogólny,"polski, angielski",Poznan,Poland
131,1001-1200,Włochy,Europa,Uniwersytet im. G. D'Annunzio w Chieti-Pescara,"Uniwersytet im. G. D'Annunzio w Chieti-Pescara to włoski uniwersytet o szerokim profilu kształcenia i badań z siedzibą w Chieti. Uczelnia łączy programy humanistyczne, społeczne, przyrodnicze lub techniczne z projektami naukowymi oraz współpracą międzynarodową.",Włochy,Chieti,42.369612900,14.145700000,https://www.unich.it,http://commons.wikimedia.org/wiki/Special:FilePath/Campus%20UNICH.jpg,ogólny,"włoski, angielski",Pescara,Italy
274,1401+,Rumunia,Europa,Uniwersytet im. Stefana Wielkiego w Suczawie,"Uniwersytet im. Stefana Wielkiego w Suczawie to rumuński uniwersytet o szerokim profilu kształcenia i badań z siedzibą w Suceava. Uczelnia łączy programy humanistyczne, społeczne, przyrodnicze lub techniczne z projektami naukowymi oraz współpracą międzynarodową.",Rumunia,Suceava,47.641167000,26.245257000,https://usv.ro/,http://commons.wikimedia.org/wiki/Special:FilePath/Universitatea%20din%20Suceava1.jpg,ogólny,"rumuński, angielski",Suceava,Romania
244,582,Islandia,Europa,Uniwersytet Islandzki,"Uniwersytet Islandzki to europejski uniwersytet o szerokim profilu kształcenia i badań. Uczelnia łączy programy humanistyczne, społeczne, przyrodnicze lub techniczne z projektami naukowymi oraz współpracą międzynarodową.",Islandia,Reykjavik,64.140555555,-21.949444444,https://english.hi.is/,http://commons.wikimedia.org/wiki/Special:FilePath/University%20of%20Iceland%20-%202013.08%20-%20panoramio.jpg,ogólny,"angielski, język lokalny",Reykjavik,Iceland
191,303,Polska,Europa,Uniwersytet Jagielloński w Krakowie,"Uniwersytet Jagielloński w Krakowie to najstarsza uczelnia w Polsce i jeden z najbardziej rozpoznawalnych uniwersytetów Europy Środkowej. Łączy tradycję akademicką z badaniami w medycynie, naukach przyrodniczych, humanistyce, prawie i naukach społecznych.",Polska,Kraków,50.061666666,19.933888888,https://www.uj.edu.pl/,http://commons.wikimedia.org/wiki/Special:FilePath/Collegium%20Maius%202017.jpg,ogólny,"polski, angielski",Warsaw,Poland
343,1201-1400,Francja,Europa,Uniwersytet Jean Moulin Lyon 3,"Uniwersytet Jean Moulin Lyon 3 to francuski uniwersytet o szerokim profilu kształcenia i badań. Uczelnia łączy programy humanistyczne, społeczne, przyrodnicze lub techniczne z projektami naukowymi oraz współpracą międzynarodową.",Francja,Lyon,45.748030555,4.860505555,https://www.univ-lyon3.fr/,http://commons.wikimedia.org/wiki/Special:FilePath/University%20Lyon%20III.jpg,ogólny,"francuski, angielski",Lyon,France
404,452,Niemcy,Europa,Uniwersytet Johannesa Gutenberga w Moguncji,"Uniwersytet Johannesa Gutenberga w Moguncji to niemiecki uniwersytet o szerokim profilu kształcenia i badań z siedzibą w Mainz. Uczelnia łączy programy humanistyczne, społeczne, przyrodnicze lub techniczne z projektami naukowymi oraz współpracą międzynarodową.",Niemcy,Mainz,49.993055555,8.241666666,https://www.uni-mainz.de/,,ogólny,"niemiecki, angielski",Mainz,Germany
135,473,Austria,Europa,Uniwersytet Johannesa Keplera w Linzu,"Uniwersytet Johannesa Keplera w Linzu to austriacki uniwersytet o szerokim profilu kształcenia i badań z siedzibą w Linz. Uczelnia łączy programy humanistyczne, społeczne, przyrodnicze lub techniczne z projektami naukowymi oraz współpracą międzynarodową.",Austria,Linz,48.337500000,14.317500000,https://www.jku.at/,http://commons.wikimedia.org/wiki/Special:FilePath/Linz%20-%20JKU%20-%20Science%20Park%202.jpg,ogólny,"niemiecki, angielski",Linz,Austria
445,416,Niemcy,Europa,Uniwersytet Juliusza i Maksymiliana w Würzburgu,"Uniwersytet Juliusza i Maksymiliana w Würzburgu to niemiecki uniwersytet o szerokim profilu kształcenia i badań z siedzibą w Würzburg. Uczelnia łączy programy humanistyczne, społeczne, przyrodnicze lub techniczne z projektami naukowymi oraz współpracą międzynarodową.",Niemcy,Würzburg,49.788055555,9.935277777,http://www.uni-wuerzburg.de/,http://commons.wikimedia.org/wiki/Special:FilePath/Wittelsbacherplatz%20wuerzburg%201999.jpg,ogólny,"niemiecki, angielski",Wurzburg,Germany
145,668,Austria,Europa,Uniwersytet Karola i Franciszka w Grazu,"Uniwersytet Karola i Franciszka w Grazu to austriacki uniwersytet o szerokim profilu kształcenia i badań z siedzibą w Graz. Uczelnia łączy programy humanistyczne, społeczne, przyrodnicze lub techniczne z projektami naukowymi oraz współpracą międzynarodową.",Austria,Graz,47.077610000,15.449560000,https://www.uni-graz.at/de/,http://commons.wikimedia.org/wiki/Special:FilePath/Graz%20-%20Universit%C3%A4t%2C%20Hauptgeb%C3%A4ude%20%28b%29.JPG,ogólny,"niemiecki, angielski",Graz,Austria
295,301,Hiszpania,Europa,Uniwersytet Karola III w Madrycie,"Uniwersytet Karola III w Madrycie to hiszpański uniwersytet badawczy o szerokim profilu akademickim z siedzibą w Madrid. Dzięki położeniu w dużym ośrodku miejskim uczelnia oferuje dobre warunki do współpracy z instytucjami publicznymi, firmami, organizacjami kultury i partnerami międzynarodowymi.",Hiszpania,Madrid,40.332250000,-3.766888888,http://www.uc3m.es,http://commons.wikimedia.org/wiki/Special:FilePath/Campuscolmenarejo.jpg,ogólny,"hiszpański, angielski",Madrid,Spain
138,265,Czechy,Europa,Uniwersytet Karola w Pradze,"Uniwersytet Karola w Pradze to czeski uniwersytet o szerokim profilu kształcenia i badań z siedzibą w Prague. Uczelnia łączy programy humanistyczne, społeczne, przyrodnicze lub techniczne z projektami naukowymi oraz współpracą międzynarodową.",Czechy,Prague,50.088400000,14.403700000,https://cuni.cz,http://commons.wikimedia.org/wiki/Special:FilePath/Praha%2C%20Univerzita%20Karlova%20-%20Karolinum.jpg,ogólny,"czeski, angielski",dane krajowe (Eurostat 2020),Czech Republic
300,1001-1200,Hiszpania,Europa,Uniwersytet Kastylii-La Manchy,"Uniwersytet Kastylii-La Manchy to hiszpański uniwersytet o szerokim profilu kształcenia i badań z siedzibą w Ciudad Real. Uczelnia łączy programy humanistyczne, społeczne, przyrodnicze lub techniczne z projektami naukowymi oraz współpracą międzynarodową.",Hiszpania,Ciudad Real,38.994111111,-3.920611111,https://www.uclm.es/,http://commons.wikimedia.org/wiki/Special:FilePath/RectoradoUniversidadCR.jpg,ogólny,"hiszpański, angielski",Madrid,Spain
209,801-850,Wielka Brytania,Europa,Uniwersytet Keele,"Uniwersytet Keele to brytyjski uniwersytet o szerokim profilu kształcenia i badań z siedzibą w Newcastle-under-Lyme. Uczelnia łączy programy humanistyczne, społeczne, przyrodnicze lub techniczne z projektami naukowymi oraz współpracą międzynarodową.",Wielka Brytania,Newcastle-under-Lyme,53.003000000,-2.273000000,https://www.keele.ac.uk/,http://commons.wikimedia.org/wiki/Special:FilePath/Keele%20University%20Library.jpg,ogólny,angielski,Stoke-on-Trent,United Kingdom
165,684,Słowacja,Europa,Uniwersytet Komeńskiego w Bratysławie,"Uniwersytet Komeńskiego w Bratysławie to europejski uniwersytet o szerokim profilu kształcenia i badań z siedzibą w Bratislava. Uczelnia łączy programy humanistyczne, społeczne, przyrodnicze lub techniczne z projektami naukowymi oraz współpracą międzynarodową.",Słowacja,Bratislava,48.141222222,17.115944444,https://uniba.sk/,http://commons.wikimedia.org/wiki/Special:FilePath/Univerzita%20Komensk%C3%A9ho.jpg,ogólny,"angielski, język lokalny",Bratislava,Slovakia
14,101,Dania,Europa,Uniwersytet Kopenhaski,"Uniwersytet Kopenhaski to duński uniwersytet o szerokim profilu kształcenia i badań. Uczelnia łączy programy humanistyczne, społeczne, przyrodnicze lub techniczne z projektami naukowymi oraz współpracą międzynarodową.",Dania,Copenhagen Municipality,55.679722222,12.568337000,https://www.ku.dk/,http://commons.wikimedia.org/wiki/Special:FilePath/University%20Main%20Building.jpg,ogólny,"duński, angielski",Copenhagen,Denmark
265,628,Grecja,Europa,Uniwersytet Kreteński,"Uniwersytet Kreteński to grecki uniwersytet o szerokim profilu kształcenia i badań z siedzibą w Rethymno. Uczelnia łączy programy humanistyczne, społeczne, przyrodnicze lub techniczne z projektami naukowymi oraz współpracą międzynarodową.",Grecja,Rethymno,35.307000000,25.082000000,https://www.uoc.gr/,http://commons.wikimedia.org/wiki/Special:FilePath/University%20of%20Crete%2C%20Rethymno%20Campus%2004%20-%20Department%20of%20History%20and%20Archaeology.jpg,ogólny,"grecki, angielski",Chania,Greece
221,157,Wielka Brytania,Europa,Uniwersytet Lancaster,"Uniwersytet Lancaster to brytyjski uniwersytet o szerokim profilu kształcenia i badań z siedzibą w Lancaster. Uczelnia łączy programy humanistyczne, społeczne, przyrodnicze lub techniczne z projektami naukowymi oraz współpracą międzynarodową.",Wielka Brytania,Lancaster,54.010661111,-2.788238888,http://www.lancs.ac.uk/,http://commons.wikimedia.org/wiki/Special:FilePath/Lancaster%20University%20Courtyard.JPG,ogólny,angielski,Preston,United Kingdom
75,1001-1200,Wielka Brytania,Europa,Uniwersytet Leeds Beckett,"Uniwersytet Leeds Beckett to brytyjski uniwersytet o szerokim profilu kształcenia i badań. Uczelnia łączy programy humanistyczne, społeczne, przyrodnicze lub techniczne z projektami naukowymi oraz współpracą międzynarodową.",Wielka Brytania,Leeds,53.804166666,-1.549444444,http://www.leedsbeckett.ac.uk/,http://commons.wikimedia.org/wiki/Special:FilePath/LBU%20entrance%20cropped%202015%2001.jpg,ogólny,angielski,Leeds,United Kingdom
225,851-900,Wielka Brytania,Europa,Uniwersytet Liverpool John Moores,"Uniwersytet Liverpool John Moores to brytyjski uniwersytet o szerokim profilu kształcenia i badań z siedzibą w Liverpool. Uczelnia łączy programy humanistyczne, społeczne, przyrodnicze lub techniczne z projektami naukowymi oraz współpracą międzynarodową.",Wielka Brytania,Liverpool,53.403000000,-2.970000000,http://www.ljmu.ac.uk/,http://commons.wikimedia.org/wiki/Special:FilePath/Northwesternhall.JPG,ogólny,angielski,Liverpool,United Kingdom
433,230,Portugalia,Europa,Uniwersytet Lizboński,"Uniwersytet Lizboński to portugalski uniwersytet o szerokim profilu kształcenia i badań. Uczelnia łączy programy humanistyczne, społeczne, przyrodnicze lub techniczne z projektami naukowymi oraz współpracą międzynarodową.",Portugalia,Lisbon,38.752500000,-9.158888888,https://www.ulisboa.pt/,http://commons.wikimedia.org/wiki/Special:FilePath/Reitoria%20Pardal%20Monteiro%204330.jpg,ogólny,"portugalski, angielski",Lisbon,Portugal
24,1001-1200,Wielka Brytania,Europa,Uniwersytet London Metropolitan,"Uniwersytet London Metropolitan to brytyjski uniwersytet badawczy o szerokim profilu akademickim. Dzięki położeniu w dużym ośrodku miejskim uczelnia oferuje dobre warunki do współpracy z instytucjami publicznymi, firmami, organizacjami kultury i partnerami międzynarodowymi.",Wielka Brytania,City of London,51.551574000,-0.110687000,http://www.londonmet.ac.uk,http://commons.wikimedia.org/wiki/Special:FilePath/Orion%20Building%20-Post%20Graduate%20Centre%20of%20London%20Metropolitan%20University-9June2009.jpg,ogólny,angielski,London,United Kingdom
22,901-950,Wielka Brytania,Europa,Uniwersytet London South Bank,"Uniwersytet London South Bank to brytyjski uniwersytet badawczy o szerokim profilu akademickim. Dzięki położeniu w dużym ośrodku miejskim uczelnia oferuje dobre warunki do współpracy z instytucjami publicznymi, firmami, organizacjami kultury i partnerami międzynarodowymi.",Wielka Brytania,London Borough of Southwark,51.498100000,-0.101540000,https://www.lsbu.ac.uk/,http://commons.wikimedia.org/wiki/Special:FilePath/London%20southbank%20university.jpg,ogólny,angielski,London,United Kingdom
186,584,Węgry,Europa,Uniwersytet Loránda Eötvösa,"Uniwersytet Loránda Eötvösa to węgierski uniwersytet o szerokim profilu kształcenia i badań z siedzibą w Budapest. Uczelnia łączy programy humanistyczne, społeczne, przyrodnicze lub techniczne z projektami naukowymi oraz współpracą międzynarodową.",Węgry,Budapest,47.490600000,19.058500000,https://www.elte.hu/,http://commons.wikimedia.org/wiki/Special:FilePath/ElteFotoThalerTamas2.jpg,ogólny,"węgierski, angielski",Budapest,Hungary
64,225,Wielka Brytania,Europa,Uniwersytet Loughborough,"Uniwersytet Loughborough to brytyjski uniwersytet o szerokim profilu kształcenia i badań. Uczelnia łączy programy humanistyczne, społeczne, przyrodnicze lub techniczne z projektami naukowymi oraz współpracą międzynarodową.",Wielka Brytania,Loughborough,52.768333333,-1.228611111,https://www.lboro.ac.uk/,http://commons.wikimedia.org/wiki/Special:FilePath/Loughborough%20University%20Entrance.jpg,ogólny,angielski,Leicester,United Kingdom
142,535,Słowenia,Europa,Uniwersytet Lublański,"Uniwersytet Lublański to słoweński uniwersytet o szerokim profilu kształcenia i badań z siedzibą w Ljubljana. Uczelnia łączy programy humanistyczne, społeczne, przyrodnicze lub techniczne z projektami naukowymi oraz współpracą międzynarodową.",Słowenia,Ljubljana,46.048888888,14.503888888,https://www.uni-lj.si/,http://commons.wikimedia.org/wiki/Special:FilePath/University%20of%20Ljubljana%20Palace.jpg,ogólny,"słoweński, angielski",Ljubljana,Slovenia
104,58,Niemcy,Europa,Uniwersytet Ludwika i Maksymiliana w Monachium,"Uniwersytet Ludwika i Maksymiliana w Monachium to niemiecki uniwersytet o szerokim profilu kształcenia i badań z siedzibą w Munich. Uczelnia łączy programy humanistyczne, społeczne, przyrodnicze lub techniczne z projektami naukowymi oraz współpracą międzynarodową.",Niemcy,Munich,48.150833333,11.580277777,https://www.lmu.de/,http://commons.wikimedia.org/wiki/Special:FilePath/Facultad%20de%20Derecho%20de%20la%20Universidad%20Ludwig-Maximilian%2C%20M%C3%BAnich%2C%20Alemania%2C%202012-04-30%2C%20DD%2002.jpg,ogólny,"niemiecki, angielski",Munich,Germany
341,1001-1200,Francja,Europa,Uniwersytet Lumière Lyon 2,"Uniwersytet Lumière Lyon 2 to francuski uniwersytet o szerokim profilu kształcenia i badań. Uczelnia łączy programy humanistyczne, społeczne, przyrodnicze lub techniczne z projektami naukowymi oraz współpracą międzynarodową.",Francja,Lyon,45.750833333,4.837222222,https://www.univ-lyon2.fr/,http://commons.wikimedia.org/wiki/Special:FilePath/Univ-lyon2-berges-clio-2008-01-25%2001.jpg,ogólny,"francuski, angielski",Lyon,France
262,801-850,Łotwa,Europa,Uniwersytet Łotewski,"Uniwersytet Łotewski to łotewski uniwersytet o szerokim profilu kształcenia i badań z siedzibą w Riga. Uczelnia łączy programy humanistyczne, społeczne, przyrodnicze lub techniczne z projektami naukowymi oraz współpracą międzynarodową.",Łotwa,Riga,56.950555555,24.116111111,https://www.lu.lv/,http://commons.wikimedia.org/wiki/Special:FilePath/Universidad%20de%20Letonia%2C%20Riga%2C%20Letonia%2C%202012-08-07%2C%20DD%2001.JPG,ogólny,"łotewski, angielski",Riga,Latvia
188,951-1000,Polska,Europa,Uniwersytet Łódzki,"Uniwersytet Łódzki to polski uniwersytet o szerokim profilu kształcenia i badań z siedzibą w Łódź. Uczelnia łączy programy humanistyczne, społeczne, przyrodnicze lub techniczne z projektami naukowymi oraz współpracą międzynarodową.",Polska,Łódź,51.772077500,19.474006500,https://en.uni.lodz.pl/,http://commons.wikimedia.org/wiki/Special:FilePath/O%20i%20Z%20UL.jpg,ogólny,"polski, angielski",Lodz,Poland
141,741-750,Malta,Europa,Uniwersytet Maltański,"Uniwersytet Maltański to maltański uniwersytet o szerokim profilu kształcenia i badań z siedzibą w Msida. Uczelnia łączy programy humanistyczne, społeczne, przyrodnicze lub techniczne z projektami naukowymi oraz współpracą międzynarodową.",Malta,Msida,35.902500000,14.483333330,https://www.um.edu.mt/,http://commons.wikimedia.org/wiki/Special:FilePath/Uni-20malta.jpg,ogólny,"angielski, język lokalny",Valletta,Malta
207,643,Wielka Brytania,Europa,Uniwersytet Manchester Metropolitan,"Uniwersytet Manchester Metropolitan to brytyjski uniwersytet o szerokim profilu kształcenia i badań z siedzibą w Manchester. Uczelnia łączy programy humanistyczne, społeczne, przyrodnicze lub techniczne z projektami naukowymi oraz współpracą międzynarodową.",Wielka Brytania,Manchester,53.470000000,-2.240000000,http://www.mmu.ac.uk/,http://commons.wikimedia.org/wiki/Special:FilePath/Manchester%20School%20of%20Art%20Geograph%203735342.jpg,ogólny,angielski,Manchester,United Kingdom
157,430,Czechy,Europa,Uniwersytet Masaryka,"Uniwersytet Masaryka to czeski uniwersytet o szerokim profilu kształcenia i badań z siedzibą w Brno-město. Uczelnia łączy programy humanistyczne, społeczne, przyrodnicze lub techniczne z projektami naukowymi oraz współpracą międzynarodową.",Czechy,Brno-město,49.198611111,16.605277777,https://www.muni.cz,http://commons.wikimedia.org/wiki/Special:FilePath/Kounics%20palace%20in%20Brno%202010%20%282%29.jpg,ogólny,"czeski, angielski",dane krajowe (Eurostat 2020),Czech Republic
439,276,Włochy,Europa,Uniwersytet Mediolański,"Uniwersytet Mediolański to włoski uniwersytet o szerokim profilu kształcenia i badań z siedzibą w Milan. Uczelnia łączy programy humanistyczne, społeczne, przyrodnicze lub techniczne z projektami naukowymi oraz współpracą międzynarodową.",Włochy,Milan,45.460062600,9.194659978,https://www.unimi.it,http://commons.wikimedia.org/wiki/Special:FilePath/Festa%20del%20Perdono%20Facciata%20Milano.jpg,ogólny,"włoski, angielski",Milan,Italy
34,801-850,Wielka Brytania,Europa,Uniwersytet Middlesex,"Uniwersytet Middlesex to brytyjski uniwersytet o szerokim profilu kształcenia i badań z siedzibą w Hendon. Uczelnia łączy programy humanistyczne, społeczne, przyrodnicze lub techniczne z projektami naukowymi oraz współpracą międzynarodową.",Wielka Brytania,Hendon,51.589349500,-0.228246600,https://www.mdx.ac.uk,http://commons.wikimedia.org/wiki/Special:FilePath/Middlesex%20University%20Hendon%20Campus.jpg,ogólny,angielski,London,United Kingdom
178,1001-1200,Polska,Europa,Uniwersytet Mikołaja Kopernika w Toruniu,"Uniwersytet Mikołaja Kopernika w Toruniu to polski uniwersytet o szerokim profilu kształcenia i badań z siedzibą w Toruń. Uczelnia łączy programy humanistyczne, społeczne, przyrodnicze lub techniczne z projektami naukowymi oraz współpracą międzynarodową.",Polska,Toruń,53.015300000,18.572200000,http://www.umk.pl/,http://commons.wikimedia.org/wiki/Special:FilePath/Nicolaus%20Copernicus%20University%20in%20Toru%C5%84%2C%20rector%27s%20office.jpg,ogólny,"polski, angielski",Torun,Poland
440,542,Włochy,Europa,Uniwersytet Milano-Bicocca,"Uniwersytet Milano-Bicocca to włoski uniwersytet o szerokim profilu kształcenia i badań z siedzibą w Milan. Uczelnia łączy programy humanistyczne, społeczne, przyrodnicze lub techniczne z projektami naukowymi oraz współpracą międzynarodową.",Włochy,Milan,45.518406000,9.213344000,https://www.unimib.it,http://commons.wikimedia.org/wiki/Special:FilePath/U1%20visto%20da%20piazza%20della%20Scienza%2C%20Milano.jpg,ogólny,"włoski, angielski",Milan,Italy
405,566,Portugalia,Europa,Uniwersytet Minho,"Uniwersytet Minho to portugalski uniwersytet o szerokim profilu kształcenia i badań z siedzibą w Braga. Uczelnia łączy programy humanistyczne, społeczne, przyrodnicze lub techniczne z projektami naukowymi oraz współpracą międzynarodową.",Portugalia,Braga,41.560435964,-8.397438175,https://www.uminho.pt/EN,http://commons.wikimedia.org/wiki/Special:FilePath/Largo%20do%20paco-Braga.jpg,ogólny,"portugalski, angielski",Braga,Portugal
266,1001-1200,Litwa,Europa,Uniwersytet Mykolas Romeris,"Uniwersytet Mykolas Romeris to litewski uniwersytet badawczy o szerokim profilu akademickim. Dzięki położeniu w dużym ośrodku miejskim uczelnia oferuje dobre warunki do współpracy z instytucjami publicznymi, firmami, organizacjami kultury i partnerami międzynarodowymi.",Litwa,Vilnius City Municipality,54.733888888,25.258888888,https://www.mruni.eu/,http://commons.wikimedia.org/wiki/Special:FilePath/Mykolas%20Romeris%20University.jpg,ogólny,"litewski, angielski",Vilnius,Lithuania
77,851-900,Francja,Europa,Uniwersytet Nantes,"Uniwersytet Nantes to francuski uniwersytet o szerokim profilu kształcenia i badań. Uczelnia łączy programy humanistyczne, społeczne, przyrodnicze lub techniczne z projektami naukowymi oraz współpracą międzynarodową.",Francja,Nantes,47.237879000,-1.554284000,https://english.univ-nantes.fr/,http://commons.wikimedia.org/wiki/Special:FilePath/Nantes%20Universit%C3%A9-ch%C3%A2teau%20Tertre.jpg,ogólny,"francuski, angielski",Nantes,France
197,262,Hiszpania,Europa,Uniwersytet Nawarry,"Uniwersytet Nawarry to hiszpańska uczelnia o profilu biznesowym i społecznym, szczególnie przydatna dla osób zainteresowanych ekonomią, zarządzaniem, finansami i polityką publiczną z siedzibą w Barcelona. Jej programy zwykle mocno akcentują praktyczne kompetencje, analizę danych i międzynarodowe środowisko pracy.",Hiszpania,Barcelona,41.393686110,2.107850000,https://www.iese.edu/,http://commons.wikimedia.org/wiki/Special:FilePath/IESE%20Campus.jpg,biznesowy,"hiszpański, angielski",Barcelona,Spain
132,1001-1200,Włochy,Europa,Uniwersytet Neapolitański „Parthenope”,"Uniwersytet Neapolitański „Parthenope” to włoski uniwersytet o szerokim profilu kształcenia i badań z siedzibą w Naples. Uczelnia łączy programy humanistyczne, społeczne, przyrodnicze lub techniczne z projektami naukowymi oraz współpracą międzynarodową.",Włochy,Naples,40.837611111,14.253833333,https://orienta.uniparthenope.it/,http://commons.wikimedia.org/wiki/Special:FilePath/Universit%C3%A0%20degli%20Studi%20di%20Napoli%20-%20Parthenope%20-%20sede%20Acton.png.jpg,ogólny,"włoski, angielski",Naples,Italy
133,379,Włochy,Europa,Uniwersytet Neapolitański im. Fryderyka II,"Uniwersytet Neapolitański im. Fryderyka II to włoski uniwersytet o szerokim profilu kształcenia i badań z siedzibą w Naples. Uczelnia łączy programy humanistyczne, społeczne, przyrodnicze lub techniczne z projektami naukowymi oraz współpracą międzynarodową.",Włochy,Naples,40.847200000,14.256900000,http://www.international.unina.it/,http://commons.wikimedia.org/wiki/Special:FilePath/Universit%C3%A0%20degli%20Studi%20di%20Napoli%20Federico%20II%20%283542%29.jpg,ogólny,"włoski, angielski",Naples,Italy
59,609,Wielka Brytania,Europa,Uniwersytet Nottingham Trent,"Uniwersytet Nottingham Trent to brytyjski uniwersytet o szerokim profilu kształcenia i badań z siedzibą w Nottinghamshire. Uczelnia łączy programy humanistyczne, społeczne, przyrodnicze lub techniczne z projektami naukowymi oraz współpracą międzynarodową.",Wielka Brytania,Nottinghamshire,52.956400000,-1.152030000,https://www.ntu.ac.uk,http://commons.wikimedia.org/wiki/Special:FilePath/Nottingham%20Trent%20University%2C%20Newton%20Campus.jpg,ogólny,angielski,Nottingham,United Kingdom
184,1001-1200,Węgry,Europa,Uniwersytet Obuda,"Uniwersytet Obuda to węgierska uczelnia techniczna, której oferta i badania koncentrują się na inżynierii, informatyce oraz naukach ścisłych z siedzibą w Budapest. Uczelnia stawia na zastosowania praktyczne, pracę projektową i współpracę z otoczeniem gospodarczym.",Węgry,Budapest,47.533777777,19.034930555,https://www.uni-obuda.hu/,http://commons.wikimedia.org/wiki/Special:FilePath/Budapest%20Tech%20Polytechnical%20Institute.jpg,techniczny,"węgierski, angielski",Budapest,Hungary
66,4,Wielka Brytania,Europa,Uniwersytet Oksfordzki,"Uniwersytet Oksfordzki to kolegialny uniwersytet badawczy i najstarsza uczelnia świata anglojęzycznego, z tradycją nauczania sięgającą średniowiecza. Łączy bardzo silne badania w naukach ścisłych, medycynie, humanistyce i naukach społecznych z rozbudowanym systemem college’ów.",Wielka Brytania,Oxford,51.755000000,-1.255000000,https://ox.ac.uk/,http://commons.wikimedia.org/wiki/Special:FilePath/1%20oxford%20aerial%20panorama%202016.jpg,ogólny,angielski,Oxford,United Kingdom
63,374,Wielka Brytania,Europa,Uniwersytet Oxford Brookes,"Uniwersytet Oxford Brookes to brytyjski uniwersytet o szerokim profilu kształcenia i badań z siedzibą w Oxfordshire. Uczelnia łączy programy humanistyczne, społeczne, przyrodnicze lub techniczne z projektami naukowymi oraz współpracą międzynarodową.",Wielka Brytania,Oxfordshire,51.754266666,-1.222700000,https://www.brookes.ac.uk/,http://commons.wikimedia.org/wiki/Special:FilePath/Oxford%20brookes%20headington%20hill.JPG,ogólny,angielski,Oxford,United Kingdom
7,233,Włochy,Europa,Uniwersytet Padewski,"Uniwersytet Padewski to włoski uniwersytet o szerokim profilu kształcenia i badań z siedzibą w Padua. Uczelnia łączy programy humanistyczne, społeczne, przyrodnicze lub techniczne z projektami naukowymi oraz współpracą międzynarodową.",Włochy,Padua,45.420000000,11.866667000,https://www.unipd.it,http://commons.wikimedia.org/wiki/Special:FilePath/Palazzo%20Bo%20%28Padua%29.jpg,ogólny,"włoski, angielski",Padova,Italy
167,668,Czechy,Europa,Uniwersytet Palackiego w Ołomuńcu,"Uniwersytet Palackiego w Ołomuńcu to czeski uniwersytet o szerokim profilu kształcenia i badań z siedzibą w Olomouc. Uczelnia łączy programy humanistyczne, społeczne, przyrodnicze lub techniczne z projektami naukowymi oraz współpracą międzynarodową.",Czechy,Olomouc,49.595080000,17.259140000,http://www.upol.cz/en/,http://commons.wikimedia.org/wiki/Special:FilePath/Zbrojnice%20-%20pohled%20z%20prvn%C3%ADho%20patra%20budovy%2C%20Olomouc.jpg,ogólny,"czeski, angielski",dane krajowe (Eurostat 2020),Czech Republic
171,1201-1400,Węgry,Europa,Uniwersytet Panoński,"Uniwersytet Panoński to węgierski uniwersytet o szerokim profilu kształcenia i badań z siedzibą w Veszprém. Uczelnia łączy programy humanistyczne, społeczne, przyrodnicze lub techniczne z projektami naukowymi oraz współpracą międzynarodową.",Węgry,Veszprém,47.088611110,17.908055560,http://www.uni-pannon.hu,http://commons.wikimedia.org/wiki/Special:FilePath/Veszpremi%20Egyetem%20B.JPG,ogólny,"węgierski, angielski",Veszprem,Hungary
348,1001-1200,Rosja,Europa,Uniwersytet Państwowy w Niżnym Nowogrodzie im. N.I. Łobaczewskiego,"Uniwersytet Państwowy w Niżnym Nowogrodzie im. N.I. Łobaczewskiego to rosyjski uniwersytet publiczny o szerokiej ofercie kształcenia i zapleczu badawczym z siedzibą w Nizhny Novgorod. Uczelnia rozwija kierunki humanistyczne, społeczne, przyrodnicze i techniczne, a jej znaczenie często wykracza poza region, w którym działa.",Rosja,Nizhny Novgorod,56.298633000,43.981256000,http://www.unn.ru,http://commons.wikimedia.org/wiki/Special:FilePath/Lobachevsky%20University.%20Faculty%20of%20Philology%2003.jpg,ogólny,"angielski, język lokalny",Nizhniy Novgorod,Russia
204,1201-1400,Francja,Europa,Uniwersytet Paris-Nanterre,"Uniwersytet Paris-Nanterre to francuski uniwersytet badawczy o szerokim profilu akademickim. Dzięki położeniu w dużym ośrodku miejskim uczelnia oferuje dobre warunki do współpracy z instytucjami publicznymi, firmami, organizacjami kultury i partnerami międzynarodowymi.",Francja,Paris,48.903912439,2.213452372,https://www.parisnanterre.fr/,http://commons.wikimedia.org/wiki/Special:FilePath/L%27universit%C3%A9%20Paris%20Ouest%20Nanterre%20La%20D%C3%A9fense.jpg,ogólny,"francuski, angielski",Paris,France
60,1001-1200,Hiszpania,Europa,Uniwersytet w Murcji,"Uniwersytet w Murcji to hiszpański uniwersytet o szerokim profilu kształcenia i badań z siedzibą w Murcia. Uczelnia łączy programy humanistyczne, społeczne, przyrodnicze lub techniczne z projektami naukowymi oraz współpracą międzynarodową.",Hiszpania,Murcia,38.018305555,-1.170000000,https://www.um.es/,http://commons.wikimedia.org/wiki/Special:FilePath/Murcia%20University.jpg,ogólny,"hiszpański, angielski",Murcia,Spain
202,70,Francja,Europa,Uniwersytet Paris-Saclay,"Uniwersytet Paris-Saclay to francuski uniwersytet badawczy o szerokim profilu akademickim z siedzibą w Île-de-France. Dzięki położeniu w dużym ośrodku miejskim uczelnia oferuje dobre warunki do współpracy z instytucjami publicznymi, firmami, organizacjami kultury i partnerami międzynarodowymi.",Francja,Île-de-France,48.708210000,2.164470000,https://www.universite-paris-saclay.fr,http://commons.wikimedia.org/wiki/Special:FilePath/All%C3%A9e%20des%20sciences%20Paris-Saclay.jpg,ogólny,"francuski, angielski",Paris,France
215,257,Francja,Europa,Uniwersytet Paris 1 Panthéon-Sorbonne,"Uniwersytet Paris 1 Panthéon-Sorbonne to francuski uniwersytet badawczy o szerokim profilu akademickim. Dzięki położeniu w dużym ośrodku miejskim uczelnia oferuje dobre warunki do współpracy z instytucjami publicznymi, firmami, organizacjami kultury i partnerami międzynarodowymi.",Francja,Paris,48.848333000,2.343056000,https://www.pantheonsorbonne.fr,http://commons.wikimedia.org/wiki/Special:FilePath/Chapelle%20Sainte-Ursule%20de%20la%20Sorbonne%2C%20Paris%20001.jpg,ogólny,"francuski, angielski",Paris,France
216,1001-1200,Francja,Europa,Uniwersytet Paris 2 Panthéon-Assas,"Uniwersytet Paris 2 Panthéon-Assas to francuski uniwersytet badawczy o szerokim profilu akademickim z siedzibą w Paris. Dzięki położeniu w dużym ośrodku miejskim uczelnia oferuje dobre warunki do współpracy z instytucjami publicznymi, firmami, organizacjami kultury i partnerami międzynarodowymi.",Francja,Paris,48.846944444,2.344722222,https://www.assas-universite.fr,http://commons.wikimedia.org/wiki/Special:FilePath/Pantheon-Assas%20University%20-%20Panth%C3%A9on.jpg,ogólny,"francuski, angielski",Paris,France
117,650,Austria,Europa,Uniwersytet Paris Lodron w Salzburgu,"Uniwersytet Paris Lodron w Salzburgu to austriacki uniwersytet badawczy o szerokim profilu akademickim. Dzięki położeniu w dużym ośrodku miejskim uczelnia oferuje dobre warunki do współpracy z instytucjami publicznymi, firmami, organizacjami kultury i partnerami międzynarodowymi.",Austria,Salzburg,47.797222222,13.048055555,https://www.plus.ac.at/,http://commons.wikimedia.org/wiki/Special:FilePath/BuildingUniversitySalzburg1.jpg,ogólny,"niemiecki, angielski",Salzburg,Austria
240,1001-1200,Słowacja,Europa,Uniwersytet Pavla Jozefa Šafárika w Koszycach,"Uniwersytet Pavla Jozefa Šafárika w Koszycach to europejski uniwersytet o szerokim profilu kształcenia i badań z siedzibą w KoĹˇice. Uczelnia łączy programy humanistyczne, społeczne, przyrodnicze lub techniczne z projektami naukowymi oraz współpracą międzynarodową.",Słowacja,Košice,48.719444444,21.251111111,https://upjs.sk,http://commons.wikimedia.org/wiki/Special:FilePath/UPJ%C5%A0.JPG,ogólny,"angielski, język lokalny",Kosice,Slovakia
92,303,Dania,Europa,Uniwersytet Południowej Danii,"Uniwersytet Południowej Danii to duński uniwersytet o szerokim profilu kształcenia i badań. Uczelnia łączy programy humanistyczne, społeczne, przyrodnicze lub techniczne z projektami naukowymi oraz współpracą międzynarodową.",Dania,Odense,55.368611111,10.428055555,https://www.sdu.dk/,http://commons.wikimedia.org/wiki/Special:FilePath/Syddansk%20Universitet%20Odense%20Campusvej%20mod%20syd.jpg,ogólny,"duński, angielski",Odense,Denmark
128,1201-1400,Słowenia,Europa,Uniwersytet Primorski,"Uniwersytet Primorski to słoweński uniwersytet o szerokim profilu kształcenia i badań z siedzibą w Koper. Uczelnia łączy programy humanistyczne, społeczne, przyrodnicze lub techniczne z projektami naukowymi oraz współpracą międzynarodową.",Słowenia,Koper,45.548300000,13.729400000,http://www.upr.si,http://commons.wikimedia.org/wiki/Special:FilePath/University%20of%20Primorska%2002.jpg,ogólny,"słoweński, angielski",Ljubljana,Slovenia
160,1001-1200,Polska,Europa,Uniwersytet Przyrodniczy w Poznaniu,"Uniwersytet Przyrodniczy w Poznaniu to polska uczelnia o profilu związanym z naukami o życiu, rolnictwem, środowiskiem i technologiami żywności z siedzibą w Poznań. Uczelnia jest dobrym wyborem dla kandydatów zainteresowanych zrównoważonym rozwojem, gospodarką zasobami naturalnymi i praktycznymi badaniami terenowymi.",Polska,Poznań,52.425600000,16.906400000,http://www.up.poznan.pl,http://commons.wikimedia.org/wiki/Special:FilePath/UP%20Poznan.jpg,agricultural,"polski, angielski",Poznan,Poland
364,279,Holandia,Europa,Uniwersytet Radboud w Nijmegen,"Uniwersytet Radboud w Nijmegen to holenderski uniwersytet o szerokim profilu kształcenia i badań z siedzibą w Nijmegen. Uczelnia łączy programy humanistyczne, społeczne, przyrodnicze lub techniczne z projektami naukowymi oraz współpracą międzynarodową.",Holandia,Nijmegen,51.819444000,5.865278000,https://www.ru.nl/,http://commons.wikimedia.org/wiki/Special:FilePath/RUN%20science-park.jpg,ogólny,"niderlandzki, angielski",Nijmegen,Netherlands
82,711-720,Francja,Europa,Uniwersytet Rennes 1,"Uniwersytet Rennes 1 to francuski uniwersytet o szerokim profilu kształcenia i badań. Uczelnia łączy programy humanistyczne, społeczne, przyrodnicze lub techniczne z projektami naukowymi oraz współpracą międzynarodową.",Francja,Rennes,48.117900000,-1.637900000,,http://commons.wikimedia.org/wiki/Special:FilePath/Rennes-Universit%C3%A9%20Rennes%201-%20Entr%C3%A9e%20facult%C3%A9%20d%27%C3%A9conomie.JPG,ogólny,"francuski, angielski",dane krajowe (Eurostat 2020),France
195,951-1000,Wielka Brytania,Europa,Uniwersytet Robert Gordon,"Uniwersytet Robert Gordon to brytyjski uniwersytet o szerokim profilu kształcenia i badań. Uczelnia łączy programy humanistyczne, społeczne, przyrodnicze lub techniczne z projektami naukowymi oraz współpracą międzynarodową.",Wielka Brytania,Aberdeen City,57.148030555,-2.101361111,http://www.rgu.ac.uk/,http://commons.wikimedia.org/wiki/Special:FilePath/Plaza%20at%20The%20Robert%20Gordon%20University%202.jpg,ogólny,angielski,Aberdeen,United Kingdom
68,771-780,Hiszpania,Europa,Uniwersytet Rovira i Virgili,"Uniwersytet Rovira i Virgili to hiszpański uniwersytet o szerokim profilu kształcenia i badań. Uczelnia łączy programy humanistyczne, społeczne, przyrodnicze lub techniczne z projektami naukowymi oraz współpracą międzynarodową.",Hiszpania,Province of Tarragona,41.119722222,1.260555555,https://www.urv.cat/,http://commons.wikimedia.org/wiki/Special:FilePath/Rectorat-urv-p.jpg,ogólny,"kataloński, angielski",Tarragona,Spain
391,395,Niemcy,Europa,Uniwersytet Ruhry w Bochum,"Uniwersytet Ruhry w Bochum to niemiecki uniwersytet o szerokim profilu kształcenia i badań z siedzibą w North Rhine-Westphalia. Uczelnia łączy programy humanistyczne, społeczne, przyrodnicze lub techniczne z projektami naukowymi oraz współpracą międzynarodową.",Niemcy,North Rhine-Westphalia,51.443888888,7.261666666,https://www.ruhr-uni-bochum.de/de,http://commons.wikimedia.org/wiki/Special:FilePath/Ruhr-Universit%C3%A4t%20Bochum%20Luftaufnahme%202014.jpg,ogólny,"niemiecki, angielski",Cologne,Germany
419,80,Niemcy,Europa,Uniwersytet Ruprechta i Karola w Heidelbergu,"Uniwersytet Ruprechta i Karola w Heidelbergu to niemiecki uniwersytet o szerokim profilu kształcenia i badań z siedzibą w Heidelberg. Uczelnia łączy programy humanistyczne, społeczne, przyrodnicze lub techniczne z projektami naukowymi oraz współpracą międzynarodową.",Niemcy,Heidelberg,49.419099100,8.670250700,https://www.uni-heidelberg.de/,http://commons.wikimedia.org/wiki/Special:FilePath/Alte%20Universitaet.JPG,ogólny,"niemiecki, angielski",Heidelberg,Germany
115,355,Włochy,Europa,Uniwersytet Rzymski Tor Vergata,"Uniwersytet Rzymski Tor Vergata to włoski uniwersytet o szerokim profilu kształcenia i badań z siedzibą w Rome. Uczelnia łączy programy humanistyczne, społeczne, przyrodnicze lub techniczne z projektami naukowymi oraz współpracą międzynarodową.",Włochy,Rome,41.849444444,12.627222222,https://web.uniroma2.it/it,http://commons.wikimedia.org/wiki/Special:FilePath/Nuovorettorato.jpg,ogólny,"włoski, angielski",Rome,Italy
113,128,Włochy,Europa,Uniwersytet Sapienza w Rzymie,"Uniwersytet Sapienza w Rzymie to włoski uniwersytet badawczy o szerokim profilu akademickim z siedzibą w Rome. Dzięki położeniu w dużym ośrodku miejskim uczelnia oferuje dobre warunki do współpracy z instytucjami publicznymi, firmami, organizacjami kultury i partnerami międzynarodowymi.",Włochy,Rome,41.903333333,12.515833333,https://www.uniroma1.it/en/,http://commons.wikimedia.org/wiki/Special:FilePath/Sapienza%20entrance%20%2820040201351%29.jpg,ogólny,"włoski, angielski",Rome,Italy
71,1001-1200,Wielka Brytania,Europa,Uniwersytet Sheffield Hallam,"Uniwersytet Sheffield Hallam to brytyjski uniwersytet o szerokim profilu kształcenia i badań z siedzibą w Sheffield. Uczelnia łączy programy humanistyczne, społeczne, przyrodnicze lub techniczne z projektami naukowymi oraz współpracą międzynarodową.",Wielka Brytania,Sheffield,53.379105000,-1.464706000,http://www.shu.ac.uk/,http://commons.wikimedia.org/wiki/Special:FilePath/SHU%20buildings.png,ogólny,angielski,Sheffield,United Kingdom
249,731-740,Bułgaria,Europa,Uniwersytet Sofijski im. św. Klemensa z Ochrydy,"Uniwersytet Sofijski im. św. Klemensa z Ochrydy to bułgarski uniwersytet o szerokim profilu kształcenia i badań z siedzibą w Sofia. Uczelnia łączy programy humanistyczne, społeczne, przyrodnicze lub techniczne z projektami naukowymi oraz współpracą międzynarodową.",Bułgaria,Sofia,42.693611111,23.335000000,https://uni-sofia.bg,http://commons.wikimedia.org/wiki/Special:FilePath/Sofia%20University%20panorama%202.jpg,ogólny,"angielski, język lokalny",Sofia,Bulgaria
214,1001-1200,Francja,Europa,Uniwersytet Sorbonne Paris Nord,"Uniwersytet Sorbonne Paris Nord to francuski uniwersytet badawczy o szerokim profilu akademickim. Dzięki położeniu w dużym ośrodku miejskim uczelnia oferuje dobre warunki do współpracy z instytucjami publicznymi, firmami, organizacjami kultury i partnerami międzynarodowymi.",Francja,Paris,48.956214000,2.341933000,https://www.univ-spn.fr/,http://commons.wikimedia.org/wiki/Special:FilePath/Parvis%20central%20du%20campus%20de%20Villetaneuse%20de%20l%27universit%C3%A9%20Paris%2013.jpg,ogólny,"francuski, angielski",Paris,France
400,420,Francja,Europa,Uniwersytet Strasburski,"Uniwersytet Strasburski to francuski uniwersytet o szerokim profilu kształcenia i badań. Uczelnia łączy programy humanistyczne, społeczne, przyrodnicze lub techniczne z projektami naukowymi oraz współpracą międzynarodową.",Francja,Strasbourg,48.580277777,7.764444444,https://www.unistra.fr,http://commons.wikimedia.org/wiki/Special:FilePath/Neustadt%20%2852297125377%29.jpg,ogólny,"francuski, angielski",Strasbourg,France
168,1001-1200,Węgry,Europa,Uniwersytet Széchenyi István,"Uniwersytet Széchenyi István to węgierski uniwersytet o szerokim profilu kształcenia i badań z siedzibą w GyĹ‘r. Uczelnia łączy programy humanistyczne, społeczne, przyrodnicze lub techniczne z projektami naukowymi oraz współpracą międzynarodową.",Węgry,Győr,47.693500000,17.627600000,http://uni.sze.hu/,http://commons.wikimedia.org/wiki/Special:FilePath/SZE%20f%C5%91%C3%A9p%C3%BClet.png,ogólny,"węgierski, angielski",Gyor,Hungary
172,147,Szwecja,Europa,Uniwersytet Sztokholmski,"Uniwersytet Sztokholmski to szwedzki uniwersytet o szerokim profilu kształcenia i badań z siedzibą w Stockholm. Uczelnia łączy programy humanistyczne, społeczne, przyrodnicze lub techniczne z projektami naukowymi oraz współpracą międzynarodową.",Szwecja,Stockholm,59.363055555,18.060555555,https://su.se,http://commons.wikimedia.org/wiki/Special:FilePath/Stockholms%20universitet%20-%20KMB%20-%2016000300026090.jpg,ogólny,"szwedzki, angielski",Stockholm,Sweden
183,1201-1400,Polska,Europa,Uniwersytet Śląski w Katowicach,"Uniwersytet Śląski w Katowicach to polski uniwersytet o szerokim profilu kształcenia i badań z siedzibą w Katowice. Uczelnia łączy programy humanistyczne, społeczne, przyrodnicze lub techniczne z projektami naukowymi oraz współpracą międzynarodową.",Polska,Katowice,50.260750000,19.028305555,http://www.us.edu.pl,http://commons.wikimedia.org/wiki/Special:FilePath/U%C5%9A%20rektorat%20deptak.jpg,ogólny,"polski, angielski",Katowice,Poland
185,711-720,Węgry,Europa,Uniwersytet Techniczno-Ekonomiczny w Budapeszcie,"Uniwersytet Techniczno-Ekonomiczny w Budapeszcie to węgierska uczelnia lub szkoła wyższa o silnym profilu ekonomicznym, menedżerskim i społecznym. Wyróżnia się programami związanymi z biznesem, finansami, analizą danych, administracją lub polityką publiczną, często prowadzonymi w środowisku międzynarodowym.",Węgry,Budapest District XI,47.479850000,19.056080000,https://bme.hu,http://commons.wikimedia.org/wiki/Special:FilePath/Budapest%2C%20M%C5%B1szaki%20Egyetem.jpg,techniczny,"węgierski, angielski",Budapest,Hungary
278,1201-1400,Rumunia,Europa,Uniwersytet Techniczny im. Gheorghe Asachi w Jassach,"Uniwersytet Techniczny im. Gheorghe Asachi w Jassach to rumuńska uczelnia techniczna skoncentrowana na inżynierii, naukach ścisłych i technologiach stosowanych z siedzibą w Iași. Szczególnie dobrze pasuje do osób zainteresowanych laboratoriami, projektami badawczo-rozwojowymi, informatyką, automatyką, energetyką lub współpracą z przemysłem.",Rumunia,Iași,47.154400000,27.595900000,http://www.tuiasi.ro,http://commons.wikimedia.org/wiki/Special:FilePath/TUI%201.JPG,techniczny,"angielski, język lokalny",Iasi,Romania
268,851-900,Litwa,Europa,Uniwersytet Techniczny im. Giedymina w Wilnie,"Uniwersytet Techniczny im. Giedymina w Wilnie to litewska uczelnia techniczna skoncentrowana na inżynierii, naukach ścisłych i technologiach stosowanych z siedzibą w Vilnius. Szczególnie dobrze pasuje do osób zainteresowanych laboratoriami, projektami badawczo-rozwojowymi, informatyką, automatyką, energetyką lub współpracą z przemysłem.",Litwa,Vilnius,54.722222222,25.335833333,http://www.vgtu.lt/,http://commons.wikimedia.org/wiki/Special:FilePath/Mechanikos%20ir%20transporto%20in%C5%BEinerijos%20fakultetai%2C%20VGTU.JPG,techniczny,"litewski, angielski",Vilnius,Lithuania
122,487,Niemcy,Europa,Uniwersytet Techniczny w Bergakademie Freiberg,"Uniwersytet Techniczny w Bergakademie Freiberg to niemiecka uczelnia lub szkoła wyższa o silnym profilu ekonomicznym, menedżerskim i społecznym z siedzibą w Freiberg. Wyróżnia się programami związanymi z biznesem, finansami, analizą danych, administracją lub polityką publiczną, często prowadzonymi w środowisku międzynarodowym.",Niemcy,Freiberg,50.918361111,13.340700000,https://tu-freiberg.de/,http://commons.wikimedia.org/wiki/Special:FilePath/Glueck.jpg,techniczny,"niemiecki, angielski",Dresden,Germany
121,145,Niemcy,Europa,Uniwersytet Techniczny w Berlinie,"Uniwersytet Techniczny w Berlinie to niemiecka uczelnia techniczna skoncentrowana na inżynierii, naukach ścisłych i technologiach stosowanych z siedzibą w Berlin. Szczególnie dobrze pasuje do osób zainteresowanych laboratoriami, projektami badawczo-rozwojowymi, informatyką, automatyką, energetyką lub współpracą z przemysłem.",Niemcy,Berlin,52.511944444,13.326388888,https://www.tu.berlin/,http://commons.wikimedia.org/wiki/Special:FilePath/TU%20Berlin%20Hauptgebaeude070710%20UlrichDahl.jpg,techniczny,"niemiecki, angielski",Berlin,Germany
8,711-720,Niemcy,Europa,Uniwersytet Techniczny w Brunszwiku,"Uniwersytet Techniczny w Brunszwiku to niemiecka uczelnia techniczna skoncentrowana na inżynierii, naukach ścisłych i technologiach stosowanych z siedzibą w Brunswick. Szczególnie dobrze pasuje do osób zainteresowanych laboratoriami, projektami badawczo-rozwojowymi, informatyką, automatyką, energetyką lub współpracą z przemysłem.",Niemcy,Brunswick,52.273600000,10.526800000,https://www.tu-braunschweig.de/,http://commons.wikimedia.org/wiki/Special:FilePath/Braunschweig%20altes%20TU-Geb%C3%A4ude.jpg,techniczny,"niemiecki, angielski",Braunschweig,Germany
416,253,Niemcy,Europa,Uniwersytet Techniczny w Darmstadt,"Uniwersytet Techniczny w Darmstadt to niemiecka uczelnia techniczna skoncentrowana na inżynierii, naukach ścisłych i technologiach stosowanych z siedzibą w Darmstadt. Szczególnie dobrze pasuje do osób zainteresowanych laboratoriami, projektami badawczo-rozwojowymi, informatyką, automatyką, energetyką lub współpracą z przemysłem.",Niemcy,Darmstadt,49.875000000,8.656388888,https://www.tu-darmstadt.de/index.en.jsp,http://commons.wikimedia.org/wiki/Special:FilePath/Karo5%20Eingangsgebaeude%20Verwaltungsgebaeude%20TU%20Darmstadt.jpg,techniczny,"niemiecki, angielski",Darmstadt,Germany
10,47,Holandia,Europa,Uniwersytet Techniczny w Delfcie,"Uniwersytet Techniczny w Delfcie to największa i najbardziej rozpoznawalna uczelnia techniczna w Holandii. Szczególnie mocno kojarzy się z inżynierią, architekturą, gospodarką wodną, transportem i projektowaniem technologii dla zrównoważonego rozwoju.",Holandia,Delft,52.001666666,4.370164000,https://www.tudelft.nl/,http://commons.wikimedia.org/wiki/Special:FilePath/TU-Delft-Bibl-1.jpg,techniczny,angielski,Delft,Netherlands
393,673,Niemcy,Europa,Uniwersytet Techniczny w Dortmundzie,"Uniwersytet Techniczny w Dortmundzie to niemiecka uczelnia techniczna skoncentrowana na inżynierii, naukach ścisłych i technologiach stosowanych z siedzibą w Dortmund. Szczególnie dobrze pasuje do osób zainteresowanych laboratoriami, projektami badawczo-rozwojowymi, informatyką, automatyką, energetyką lub współpracą z przemysłem.",Niemcy,Dortmund,51.492500000,7.414169444,https://www.tu-dortmund.de/,http://commons.wikimedia.org/wiki/Special:FilePath/Mensabr%C3%BCcke%20Uni%20Dortmund.jpg,techniczny,"niemiecki, angielski",Dortmund,Germany
127,218,Niemcy,Europa,Uniwersytet Techniczny w Dreźnie,"Uniwersytet Techniczny w Dreźnie to niemiecka uczelnia techniczna skoncentrowana na inżynierii, naukach ścisłych i technologiach stosowanych z siedzibą w Dresden. Szczególnie dobrze pasuje do osób zainteresowanych laboratoriami, projektami badawczo-rozwojowymi, informatyką, automatyką, energetyką lub współpracą z przemysłem.",Niemcy,Dresden,51.028055555,13.726666666,https://tu-dresden.de/,http://commons.wikimedia.org/wiki/Special:FilePath/TU-Dresden-Georg-Schumann-Bau.jpg,techniczny,"niemiecki, angielski",Dresden,Germany
355,140,Holandia,Europa,Uniwersytet Techniczny w Eindhoven,"Uniwersytet Techniczny w Eindhoven to holenderska uczelnia techniczna skoncentrowana na inżynierii, naukach ścisłych i technologiach stosowanych z siedzibą w Eindhoven. Szczególnie dobrze pasuje do osób zainteresowanych laboratoriami, projektami badawczo-rozwojowymi, informatyką, automatyką, energetyką lub współpracą z przemysłem.",Holandia,Eindhoven,51.448055555,5.489722222,http://www.tue.nl,http://commons.wikimedia.org/wiki/Special:FilePath/TU%20Eindhoven.jpg,techniczny,"niderlandzki, angielski",Eindhoven,Netherlands
146,427,Austria,Europa,Uniwersytet Techniczny w Grazu,"Uniwersytet Techniczny w Grazu to austriacka uczelnia techniczna skoncentrowana na inżynierii, naukach ścisłych i technologiach stosowanych z siedzibą w Graz. Szczególnie dobrze pasuje do osób zainteresowanych laboratoriami, projektami badawczo-rozwojowymi, informatyką, automatyką, energetyką lub współpracą z przemysłem.",Austria,Graz,47.068888888,15.450000000,https://www.tugraz.at/,http://commons.wikimedia.org/wiki/Special:FilePath/TUG%20Alte%20Technik%201.jpg,techniczny,"niemiecki, angielski",Graz,Austria
399,1201-1400,Niemcy,Europa,Uniwersytet Techniczny w Kaiserslautern,"Uniwersytet Techniczny w Kaiserslautern to niemiecka uczelnia techniczna skoncentrowana na inżynierii, naukach ścisłych i technologiach stosowanych z siedzibą w Rhineland-Palatinate. Szczególnie dobrze pasuje do osób zainteresowanych laboratoriami, projektami badawczo-rozwojowymi, informatyką, automatyką, energetyką lub współpracą z przemysłem.",Niemcy,Rhineland-Palatinate,49.423900000,7.753060000,https://www.uni-kl.de,http://commons.wikimedia.org/wiki/Special:FilePath/Uni%20kl%20verwaltung.jpg,techniczny,"niemiecki, angielski",Mainz,Germany
250,1201-1400,Rumunia,Europa,Uniwersytet Techniczny w Klużu-Napoce,"Uniwersytet Techniczny w Klużu-Napoce to rumuńska uczelnia techniczna skoncentrowana na inżynierii, naukach ścisłych i technologiach stosowanych z siedzibą w Cluj-Napoca. Szczególnie dobrze pasuje do osób zainteresowanych laboratoriami, projektami badawczo-rozwojowymi, informatyką, automatyką, energetyką lub współpracą z przemysłem.",Rumunia,Cluj-Napoca,46.769166666,23.585555555,http://www.utcluj.ro/,http://commons.wikimedia.org/wiki/Special:FilePath/Sediul%20Rectorat%20UTCN.jpg,techniczny,"rumuński, angielski",Cluj-Napoca,Romania
239,1001-1200,Słowacja,Europa,Uniwersytet Techniczny w Koszycach,"Uniwersytet Techniczny w Koszycach to europejska uczelnia techniczna skoncentrowana na inżynierii, naukach ścisłych i technologiach stosowanych z siedzibą w KoĹˇice. Szczególnie dobrze pasuje do osób zainteresowanych laboratoriami, projektami badawczo-rozwojowymi, informatyką, automatyką, energetyką lub współpracą z przemysłem.",Słowacja,Košice,48.731400000,21.244700000,https://tuke.sk/,http://commons.wikimedia.org/wiki/Special:FilePath/Technick%C3%A1%20univerzita%20v%20Ko%C5%A1iciach%20-c.jpg,techniczny,"słowacki, angielski",Kosice,Slovakia
257,741-750,Litwa,Europa,Uniwersytet Techniczny w Kownie,"Uniwersytet Techniczny w Kownie to litewska uczelnia techniczna skoncentrowana na inżynierii, naukach ścisłych i technologiach stosowanych. Szczególnie dobrze pasuje do osób zainteresowanych laboratoriami, projektami badawczo-rozwojowymi, informatyką, automatyką, energetyką lub współpracą z przemysłem.",Litwa,Kaunas City Municipality,54.898888888,23.912500000,https://ktu.edu/,http://commons.wikimedia.org/wiki/Special:FilePath/KTU%20%22Santakos%22%20sl%C4%97nis.jpg,techniczny,"litewski, angielski",Kaunas,Lithuania
46,262,Wielka Brytania,Europa,Uniwersytet w Surrey,"Uniwersytet w Surrey to brytyjski uniwersytet o szerokim profilu kształcenia i badań z siedzibą w Guildford. Uczelnia łączy programy humanistyczne, społeczne, przyrodnicze lub techniczne z projektami naukowymi oraz współpracą międzynarodową.",Wielka Brytania,Guildford,51.243055555,-0.589444444,https://www.surrey.ac.uk/,http://commons.wikimedia.org/wiki/Special:FilePath/UniSSoM.jpg,ogólny,angielski,Guildford,United Kingdom
103,22,Niemcy,Europa,Uniwersytet Techniczny w Monachium,"Uniwersytet Techniczny w Monachium to jedna z najważniejszych uczelni technicznych w Niemczech, silna w inżynierii, informatyce, naukach przyrodniczych i medycynie. Uczelnia mocno stawia na przedsiębiorczość, transfer technologii i współpracę z przemysłem Bawarii.",Niemcy,Munich,48.148055555,11.568055555,https://www.tum.de/,http://commons.wikimedia.org/wiki/Special:FilePath/Technische%20Universitaet%20Muenchen-1.jpg,techniczny,"niemiecki, angielski",Munich,Germany
154,197,Austria,Europa,Uniwersytet Techniczny w Wiedniu,"Uniwersytet Techniczny w Wiedniu to austriacka uczelnia techniczna skoncentrowana na inżynierii, naukach ścisłych i technologiach stosowanych z siedzibą w Vienna. Szczególnie dobrze pasuje do osób zainteresowanych laboratoriami, projektami badawczo-rozwojowymi, informatyką, automatyką, energetyką lub współpracą z przemysłem.",Austria,Vienna,48.198620000,16.370770000,https://www.tuwien.at/,http://commons.wikimedia.org/wiki/Special:FilePath/Technische%20Universit%C3%A4t%20Wien%20mainbuilding%20mainentrance%20northview.jpg,techniczny,"niemiecki, angielski",Vienna,Austria
170,1201-1400,Czechy,Europa,Uniwersytet Tomáša Bati w Zlínie,"Uniwersytet Tomáša Bati w Zlínie to czeski uniwersytet o szerokim profilu kształcenia i badań z siedzibą w Zlín. Uczelnia łączy programy humanistyczne, społeczne, przyrodnicze lub techniczne z projektami naukowymi oraz współpracą międzynarodową.",Czechy,Zlín,49.222655555,17.664855555,http://web.utb.cz/,http://commons.wikimedia.org/wiki/Special:FilePath/Univerzita%20Tom%C3%A1%C5%A1e%20Bati%20%28fakulta%20managementu%20a%20ekonomiky%29.jpg,ogólny,"czeski, angielski",dane krajowe (Eurostat 2020),Czech Republic
70,1201-1400,Francja,Europa,Uniwersytet Toulouse – Jean Jaurès,"Uniwersytet Toulouse – Jean Jaurès to francuski uniwersytet o szerokim profilu kształcenia i badań. Uczelnia łączy programy humanistyczne, społeczne, przyrodnicze lub techniczne z projektami naukowymi oraz współpracą międzynarodową.",Francja,Toulouse,43.578250000,1.402416666,http://www.univ-tlse2.fr/,http://commons.wikimedia.org/wiki/Special:FilePath/UT2J%2C%20parc%20central%2C%20vue%20devant%20l%27Arche%20%28Toulouse%29.jpg,ogólny,"francuski, angielski",Toulouse,France
270,1201-1400,Rumunia,Europa,Uniwersytet Transilvania w Braszowie,"Uniwersytet Transilvania w Braszowie to rumuński uniwersytet o szerokim profilu kształcenia i badań z siedzibą w Brașov. Uczelnia łączy programy humanistyczne, społeczne, przyrodnicze lub techniczne z projektami naukowymi oraz współpracą międzynarodową.",Rumunia,BraČ™ov,45.645194444,25.589111111,http://www.unitbv.ro/,http://commons.wikimedia.org/wiki/Special:FilePath/Poza%20rectorat.jpg,ogólny,"rumuński, angielski",Brasov,Romania
398,408,Włochy,Europa,Uniwersytet Turyński,"Uniwersytet Turyński to włoski uniwersytet o szerokim profilu kształcenia i badań z siedzibą w Turin. Uczelnia łączy programy humanistyczne, społeczne, przyrodnicze lub techniczne z projektami naukowymi oraz współpracą międzynarodową.",Włochy,Turin,45.069444444,7.688888888,https://www.unito.it,http://commons.wikimedia.org/wiki/Special:FilePath/Palazzo%20dell%27Universit%C3%A0%20%28Turin%29.jpg,ogólny,"włoski, angielski",Turin,Italy
11,203,Holandia,Europa,Uniwersytet Twente,"Uniwersytet Twente to holenderski uniwersytet o szerokim profilu kształcenia i badań z siedzibą w Enschede. Uczelnia łączy programy humanistyczne, społeczne, przyrodnicze lub techniczne z projektami naukowymi oraz współpracą międzynarodową.",Holandia,Enschede,52.242500000,6.854580000,https://www.utwente.nl,http://commons.wikimedia.org/wiki/Special:FilePath/University%20of%20Twente.jpg,ogólny,"niderlandzki, angielski",Enschede,Netherlands
380,609,Wielka Brytania,Europa,Uniwersytet Ulster,"Uniwersytet Ulster to brytyjski uniwersytet o szerokim profilu kształcenia i badań z siedzibą w Coleraine. Uczelnia łączy programy humanistyczne, społeczne, przyrodnicze lub techniczne z projektami naukowymi oraz współpracą międzynarodową.",Wielka Brytania,Coleraine,55.147800000,-6.672220000,https://www.ulster.ac.uk/,http://commons.wikimedia.org/wiki/Special:FilePath/University%20of%20Ulster%2C%20Belfast%20Campus%2C%20July%202010%20%2807%29.JPG,ogólny,angielski,Belfast,United Kingdom
5,461,Włochy,Europa,Uniwersytet Vita-Salute San Raffaele,"Uniwersytet Vita-Salute San Raffaele to włoska uczelnia wyspecjalizowana w medycynie, naukach o zdrowiu i badaniach biomedycznych z siedzibą w Milan. Jej profil dobrze pasuje do kandydatów zainteresowanych kształceniem klinicznym, zdrowiem publicznym oraz projektami badawczymi związanymi z diagnostyką i terapią.",Włochy,Milan,45.507400000,9.260000000,https://www.unisr.it,http://commons.wikimedia.org/wiki/Special:FilePath/Ospedale%20San%20Raffaele%2C%202013.jpg,ogólny,"włoski, angielski",Milan,Italy
406,1001-1200,Hiszpania,Europa,Uniwersytet w A Coruña,"Uniwersytet w A Coruña to hiszpański uniwersytet o szerokim profilu kształcenia i badań z siedzibą w A Coruña. Uczelnia łączy programy humanistyczne, społeczne, przyrodnicze lub techniczne z projektami naukowymi oraz współpracą międzynarodową.",Hiszpania,A Coruña,43.350600000,-8.415950000,https://www.udc.gal,http://commons.wikimedia.org/wiki/Special:FilePath/A%20Coru%C3%B1a%20-%20Universidade%20da%20Coru%C3%B1a.JPG,ogólny,"hiszpański, angielski",A Coruna,Spain
90,131,Dania,Europa,Uniwersytet w Aarhus,"Uniwersytet w Aarhus to duński uniwersytet o szerokim profilu kształcenia i badań. Uczelnia łączy programy humanistyczne, społeczne, przyrodnicze lub techniczne z projektami naukowymi oraz współpracą międzynarodową.",Dania,Aarhus Municipality,56.170555555,10.201111111,https://www.au.dk/,http://commons.wikimedia.org/wiki/Special:FilePath/IMF%20AU.jpg,ogólny,"duński, angielski",Aarhus,Denmark
194,262,Wielka Brytania,Europa,Uniwersytet w Aberdeen,"Uniwersytet w Aberdeen to brytyjski uniwersytet o szerokim profilu kształcenia i badań. Uczelnia łączy programy humanistyczne, społeczne, przyrodnicze lub techniczne z projektami naukowymi oraz współpracą międzynarodową.",Wielka Brytania,Aberdeen City,57.165000000,-2.100000000,https://abdn.ac.uk/,http://commons.wikimedia.org/wiki/Special:FilePath/King%27s%20College%2C%20Old%20Aberdeen%20-%20geograph.org.uk%20-%20118509.jpg,ogólny,angielski,Aberdeen,United Kingdom
286,697,Hiszpania,Europa,Uniwersytet w Alcalá,"Uniwersytet w Alcalá to hiszpański uniwersytet o szerokim profilu kształcenia i badań z siedzibą w Alcalá de Henares. Uczelnia łączy programy humanistyczne, społeczne, przyrodnicze lub techniczne z projektami naukowymi oraz współpracą międzynarodową.",Hiszpania,Alcalá de Henares,40.482898000,-3.363215000,https://www.uah.es,http://commons.wikimedia.org/wiki/Special:FilePath/Universidad-Alcala-180819%20%28cropped%29.jpg,ogólny,"hiszpański, angielski",Madrid,Spain
43,781-790,Hiszpania,Europa,Uniwersytet w Alicante,"Uniwersytet w Alicante to hiszpański uniwersytet o szerokim profilu kształcenia i badań z siedzibą w San Vicente del Raspeig. Uczelnia łączy programy humanistyczne, społeczne, przyrodnicze lub techniczne z projektami naukowymi oraz współpracą międzynarodową.",Hiszpania,San Vicente del Raspeig,38.384638888,-0.513147222,https://www.ua.es,http://commons.wikimedia.org/wiki/Special:FilePath/Campus%20universit%C3%A0%20di%20Alicante.jpg,ogólny,"hiszpański, angielski",Alicante,Spain
16,280,Belgia,Europa,Uniwersytet w Antwerpii,"Uniwersytet w Antwerpii to belgijski uniwersytet o szerokim profilu kształcenia i badań z siedzibą w Antwerp. Uczelnia łączy programy humanistyczne, społeczne, przyrodnicze lub techniczne z projektami naukowymi oraz współpracą międzynarodową.",Belgia,Antwerp,51.222777777,4.405997000,https://www.uantwerpen.be/,http://commons.wikimedia.org/wiki/Special:FilePath/Campus%20Middelheim%20Building%20A.jpg,ogólny,"niderlandzki, francuski, niemiecki, angielski",Antwerp,Belgium
417,419,Portugalia,Europa,Uniwersytet w Aveiro,"Uniwersytet w Aveiro to portugalski uniwersytet o szerokim profilu kształcenia i badań z siedzibą w Aveiro. Uczelnia łączy programy humanistyczne, społeczne, przyrodnicze lub techniczne z projektami naukowymi oraz współpracą międzynarodową.",Portugalia,Aveiro,40.630277780,-8.657500000,http://www.ua.pt,http://commons.wikimedia.org/wiki/Special:FilePath/Campus%20der%20Universit%C3%A4t%20Aveiro.JPG,ogólny,"portugalski, angielski",Aveiro,Portugal
158,801-850,Włochy,Europa,Uniwersytet w Bari,"Uniwersytet w Bari to włoski uniwersytet o szerokim profilu kształcenia i badań z siedzibą w Bari. Uczelnia łączy programy humanistyczne, społeczne, przyrodnicze lub techniczne z projektami naukowymi oraz współpracą międzynarodową.",Włochy,Bari,41.120730000,16.868400000,https://www.uniba.it,http://commons.wikimedia.org/wiki/Special:FilePath/Facciata%20dell%27ateneo%20principale%20dell%27Universit%C3%A0%20degli%20Studi%20di%20Bari%20Aldo%20Moro.jpg,ogólny,"włoski, angielski",Bari,Italy
210,132,Wielka Brytania,Europa,Uniwersytet w Bath,"Uniwersytet w Bath to brytyjski uniwersytet o szerokim profilu kształcenia i badań z siedzibą w Bath. Uczelnia łączy programy humanistyczne, społeczne, przyrodnicze lub techniczne z projektami naukowymi oraz współpracą międzynarodową.",Wielka Brytania,Bath,51.379600000,-2.328000000,http://www.bath.ac.uk/,http://commons.wikimedia.org/wiki/Special:FilePath/University%20of%20Bath.jpg,ogólny,angielski,Bath,United Kingdom
2,448,Niemcy,Europa,Uniwersytet w Bayreuth,"Uniwersytet w Bayreuth to niemiecki uniwersytet o szerokim profilu kształcenia i badań z siedzibą w Bayreuth. Uczelnia łączy programy humanistyczne, społeczne, przyrodnicze lub techniczne z projektami naukowymi oraz współpracą międzynarodową.",Niemcy,Bayreuth,49.928850000,11.578500000,https://www.uni-bayreuth.de/,http://commons.wikimedia.org/wiki/Special:FilePath/Auditorium%20maximum%20der%20Universit%C3%A4t%20Bayreuth%20im%20Herbst%202006.jpg,ogólny,"niemiecki, angielski",Nuremberg,Germany
353,287,Norwegia,Europa,Uniwersytet w Bergen,"Uniwersytet w Bergen to norweski uniwersytet o szerokim profilu kształcenia i badań. Uczelnia łączy programy humanistyczne, społeczne, przyrodnicze lub techniczne z projektami naukowymi oraz współpracą międzynarodową.",Norwegia,Bergen Municipality,60.388086111,5.322872222,https://uib.no,http://commons.wikimedia.org/wiki/Special:FilePath/Bergen%20museum%20Norway%202009%202.JPG,ogólny,"norweski, angielski",Bergen,Norway
409,1001-1200,Niemcy,Europa,Uniwersytet w Bielefeld,"Uniwersytet w Bielefeld to niemiecki uniwersytet o szerokim profilu kształcenia i badań z siedzibą w North Rhine-Westphalia. Uczelnia łączy programy humanistyczne, społeczne, przyrodnicze lub techniczne z projektami naukowymi oraz współpracą międzynarodową.",Niemcy,North Rhine-Westphalia,52.037640000,8.490190000,https://www.uni-bielefeld.de/,,ogólny,"niemiecki, angielski",Cologne,Germany
88,76,Wielka Brytania,Europa,Uniwersytet w Birmingham,"Uniwersytet w Birmingham to brytyjski uniwersytet o szerokim profilu kształcenia i badań z siedzibą w Birmingham. Uczelnia łączy programy humanistyczne, społeczne, przyrodnicze lub techniczne z projektami naukowymi oraz współpracą międzynarodową.",Wielka Brytania,Birmingham,52.450555555,-1.930555555,https://birmingham.ac.uk/,http://commons.wikimedia.org/wiki/Special:FilePath/Aston%20Webb%20buildings%20in%20snow%2C%20The%20University%20of%20Birmingham%2C%20Dec%202009.jpg,ogólny,angielski,Birmingham,United Kingdom
47,494,Francja,Europa,Uniwersytet w Bordeaux,"Uniwersytet w Bordeaux to francuski uniwersytet o szerokim profilu kształcenia i badań. Uczelnia łączy programy humanistyczne, społeczne, przyrodnicze lub techniczne z projektami naukowymi oraz współpracą międzynarodową.",Francja,Bordeaux,44.809996050,-0.596755446,https://www.u-bordeaux.fr/,http://commons.wikimedia.org/wiki/Special:FilePath/Facult%C3%A9%20de%20Droit%20et%20Science%20Politique%20de%20Bordeaux.jpg,ogólny,"francuski, angielski",Bordeaux,France
83,511,Wielka Brytania,Europa,Uniwersytet w Bradford,"Uniwersytet w Bradford to brytyjski uniwersytet o szerokim profilu kształcenia i badań z siedzibą w Bradford. Uczelnia łączy programy humanistyczne, społeczne, przyrodnicze lub techniczne z projektami naukowymi oraz współpracą międzynarodową.",Wielka Brytania,Bradford,53.791550000,-1.767211111,http://www.brad.ac.uk/,http://commons.wikimedia.org/wiki/Special:FilePath/University%20of%20Bradford%20Richmond%2024%20April%202017%2001.jpg,ogólny,angielski,Bradford,United Kingdom
423,530,Niemcy,Europa,Uniwersytet w Bremie,"Uniwersytet w Bremie to niemiecki uniwersytet o szerokim profilu kształcenia i badań z siedzibą w Bremen. Uczelnia łączy programy humanistyczne, społeczne, przyrodnicze lub techniczne z projektami naukowymi oraz współpracą międzynarodową.",Niemcy,Bremen,53.108611111,8.853611111,https://www.uni-bremen.de/,http://commons.wikimedia.org/wiki/Special:FilePath/Staats-%20und%20Universit%C3%A4tsbibliothek.jpg,ogólny,"niemiecki, angielski",Bremen,Germany
6,650,Włochy,Europa,Uniwersytet w Brescii,"Uniwersytet w Brescii to włoski uniwersytet o szerokim profilu kształcenia i badań z siedzibą w Brescia. Uczelnia łączy programy humanistyczne, społeczne, przyrodnicze lub techniczne z projektami naukowymi oraz współpracą międzynarodową.",Włochy,Brescia,45.538000000,10.211802000,https://www.unibs.it,http://commons.wikimedia.org/wiki/Special:FilePath/Palazzo%20Martinengo%20Palatini%20%28Brescia%29%20fronte.JPG,ogólny,"włoski, angielski",Brescia,Italy
28,801-850,Wielka Brytania,Europa,Uniwersytet w Brighton,"Uniwersytet w Brighton to brytyjski uniwersytet o szerokim profilu kształcenia i badań z siedzibą w Brighton and Hove. Uczelnia łączy programy humanistyczne, społeczne, przyrodnicze lub techniczne z projektami naukowymi oraz współpracą międzynarodową.",Wielka Brytania,Brighton and Hove,50.845022000,-0.117569000,http://www.brighton.ac.uk/,,ogólny,angielski,Brighton,United Kingdom
219,51,Wielka Brytania,Europa,Uniwersytet w Bristolu,"Uniwersytet w Bristolu to brytyjski uniwersytet o szerokim profilu kształcenia i badań. Uczelnia łączy programy humanistyczne, społeczne, przyrodnicze lub techniczne z projektami naukowymi oraz współpracą międzynarodową.",Wielka Brytania,City of Bristol,51.456388888,-2.604444444,https://bristol.ac.uk,http://commons.wikimedia.org/wiki/Special:FilePath/University%20of%20Bristol.jpg,ogólny,angielski,Bristol,United Kingdom
21,278,Wielka Brytania,Europa,Uniwersytet w Sussex,"Uniwersytet w Sussex to brytyjski uniwersytet o szerokim profilu kształcenia i badań. Uczelnia łączy programy humanistyczne, społeczne, przyrodnicze lub techniczne z projektami naukowymi oraz współpracą międzynarodową.",Wielka Brytania,Brighton,50.865277777,-0.085555555,https://www.sussex.ac.uk/,http://commons.wikimedia.org/wiki/Special:FilePath/Universit%C3%A4t%20Sussex.jpg,ogólny,angielski,Brighton,United Kingdom
40,1201-1400,Francja,Europa,Uniwersytet w Caen Normandie,"Uniwersytet w Caen Normandie to francuski uniwersytet o szerokim profilu kształcenia i badań. Uczelnia łączy programy humanistyczne, społeczne, przyrodnicze lub techniczne z projektami naukowymi oraz współpracą międzynarodową.",Francja,Caen,49.192819812,-0.363835188,https://www.unicaen.fr/,http://commons.wikimedia.org/wiki/Special:FilePath/Caen%20universite%20campus1%20bibliotheque%203%202013-05-31.JPG,ogólny,"francuski, angielski",dane krajowe (Eurostat 2020),France
220,1001-1200,Wielka Brytania,Europa,Uniwersytet w Central Lancashire,"Uniwersytet w Central Lancashire to brytyjski uniwersytet o szerokim profilu kształcenia i badań z siedzibą w Preston. Uczelnia łączy programy humanistyczne, społeczne, przyrodnicze lub techniczne z projektami naukowymi oraz współpracą międzynarodową.",Wielka Brytania,Preston,53.763000000,-2.707400000,http://www.uclan.ac.uk/,http://commons.wikimedia.org/wiki/Special:FilePath/CampusofUCLanCyprus.jpg,ogólny,angielski,Preston,United Kingdom
407,347,Portugalia,Europa,Uniwersytet w Coimbrze,"Uniwersytet w Coimbrze to portugalski uniwersytet o szerokim profilu kształcenia i badań z siedzibą w Coimbra. Uczelnia łączy programy humanistyczne, społeczne, przyrodnicze lub techniczne z projektami naukowymi oraz współpracą międzynarodową.",Portugalia,Coimbra,40.207400000,-8.426500000,https://www.uc.pt/,http://commons.wikimedia.org/wiki/Special:FilePath/Coimbra%20December%202011-19a.jpg,ogólny,"portugalski, angielski",Coimbra,Portugal
241,563,Węgry,Europa,Uniwersytet w Debreczynie,"Uniwersytet w Debreczynie to węgierski uniwersytet o szerokim profilu kształcenia i badań z siedzibą w Debrecen. Uczelnia łączy programy humanistyczne, społeczne, przyrodnicze lub techniczne z projektami naukowymi oraz współpracą międzynarodową.",Węgry,Debrecen,47.553888888,21.621388888,https://unideb.hu/,http://commons.wikimedia.org/wiki/Special:FilePath/DE-foepulet.jpg,ogólny,"węgierski, angielski",Debrecen,Hungary
73,1201-1400,Wielka Brytania,Europa,Uniwersytet w Derby,"Uniwersytet w Derby to brytyjski uniwersytet o szerokim profilu kształcenia i badań. Uczelnia łączy programy humanistyczne, społeczne, przyrodnicze lub techniczne z projektami naukowymi oraz współpracą międzynarodową.",Wielka Brytania,City of Derby,52.938800000,-1.496480000,https://www.derby.ac.uk,http://commons.wikimedia.org/wiki/Special:FilePath/University%20of%20Derby%20Library.jpg,ogólny,angielski,Derby,United Kingdom
387,635,Niemcy,Europa,Uniwersytet w des Saarlandes,"Uniwersytet w des Saarlandes to niemiecki uniwersytet o szerokim profilu kształcenia i badań z siedzibą w Saarbrücken. Uczelnia łączy programy humanistyczne, społeczne, przyrodnicze lub techniczne z projektami naukowymi oraz współpracą międzynarodową.",Niemcy,Saarbrücken,49.255555560,7.041666670,https://www.uni-saarland.de/,http://commons.wikimedia.org/wiki/Special:FilePath/Universit%C3%A4t%20des%20Saarlandes%2C%20Saarbr%C3%BCcken%2C%202005.jpg,ogólny,"francuski, angielski",Saarbrucken,Germany
223,1001-1200,Hiszpania,Europa,Uniwersytet w Deusto,"Uniwersytet w Deusto to hiszpański uniwersytet o szerokim profilu kształcenia i badań z siedzibą w Bilbao. Uczelnia łączy programy humanistyczne, społeczne, przyrodnicze lub techniczne z projektami naukowymi oraz współpracą międzynarodową.",Hiszpania,Bilbao,43.270833333,-2.937500000,https://www.deusto.es/,http://commons.wikimedia.org/wiki/Special:FilePath/Bilbao%20-%20Universidad%20de%20Deusto%2001.jpg,ogólny,"hiszpański, angielski",Bilbao,Spain
227,428,Wielka Brytania,Europa,Uniwersytet w Dundee,"Uniwersytet w Dundee to brytyjski uniwersytet o szerokim profilu kształcenia i badań. Uczelnia łączy programy humanistyczne, społeczne, przyrodnicze lub techniczne z projektami naukowymi oraz współpracą międzynarodową.",Wielka Brytania,Dundee City,56.457222222,-2.980277777,http://www.dundee.ac.uk/,http://commons.wikimedia.org/wiki/Special:FilePath/Dundee%20University%20Scrymgeour.jpg,ogólny,angielski,Dundee,United Kingdom
79,94,Wielka Brytania,Europa,Uniwersytet w Durham,"Uniwersytet w Durham to brytyjski uniwersytet o szerokim profilu kształcenia i badań z siedzibą w Durham. Uczelnia łączy programy humanistyczne, społeczne, przyrodnicze lub techniczne z projektami naukowymi oraz współpracą międzynarodową.",Wielka Brytania,Durham,54.775000000,-1.575000000,https://durham.ac.uk,http://commons.wikimedia.org/wiki/Special:FilePath/Durham%20Castle%20Gatehouse%20%28geograph%202907552%29.jpg,ogólny,angielski,Middlesbrough,United Kingdom
381,851-900,Niemcy,Europa,Uniwersytet w Düsseldorfie,"Uniwersytet w Düsseldorfie to niemiecki uniwersytet o szerokim profilu kształcenia i badań z siedzibą w North Rhine-Westphalia. Uczelnia łączy programy humanistyczne, społeczne, przyrodnicze lub techniczne z projektami naukowymi oraz współpracą międzynarodową.",Niemcy,North Rhine-Westphalia,51.190300000,6.794169444,https://www.hhu.de/,http://commons.wikimedia.org/wiki/Special:FilePath/Universit%C3%A4ts-%20und%20Landesbibliothek%20D%C3%BCsseldorf.jpg,ogólny,"niemiecki, angielski",Cologne,Germany
65,381,Wielka Brytania,Europa,Uniwersytet w East Anglia,"Uniwersytet w East Anglia to brytyjski uniwersytet o szerokim profilu kształcenia i badań z siedzibą w Norfolk. Uczelnia łączy programy humanistyczne, społeczne, przyrodnicze lub techniczne z projektami naukowymi oraz współpracą międzynarodową.",Wielka Brytania,Norfolk,52.621666666,1.241666666,https://www.uea.ac.uk/,http://commons.wikimedia.org/wiki/Special:FilePath/School%20of%20World%20Art%20Studies.jpg,ogólny,angielski,Norwich,United Kingdom
19,1001-1200,Wielka Brytania,Europa,Uniwersytet w East London,"Uniwersytet w East London to brytyjski uniwersytet badawczy o szerokim profilu akademickim. Dzięki położeniu w dużym ośrodku miejskim uczelnia oferuje dobre warunki do współpracy z instytucjami publicznymi, firmami, organizacjami kultury i partnerami międzynarodowymi.",Wielka Brytania,London Borough of Newham,51.507969444,0.063869444,https://www.uel.ac.uk/,http://commons.wikimedia.org/wiki/Special:FilePath/University%20of%20East%20London%20-%20geograph.org.uk%20-%2054115.jpg,ogólny,angielski,London,United Kingdom
52,456,Wielka Brytania,Europa,Uniwersytet w Essex,"Uniwersytet w Essex to brytyjski uniwersytet o szerokim profilu kształcenia i badań z siedzibą w Essex. Uczelnia łączy programy humanistyczne, społeczne, przyrodnicze lub techniczne z projektami naukowymi oraz współpracą międzynarodową.",Wielka Brytania,Essex,51.878450000,0.949420000,http://www.essex.ac.uk,http://commons.wikimedia.org/wiki/Special:FilePath/University%20of%20Essex%20-%20Albert%20Sloman%20Library.png,ogólny,angielski,Chelmsford,United Kingdom
287,155,Wielka Brytania,Europa,Uniwersytet w Exeter,"Uniwersytet w Exeter to brytyjski uniwersytet o szerokim profilu kształcenia i badań z siedzibą w Exeter. Uczelnia łączy programy humanistyczne, społeczne, przyrodnicze lub techniczne z projektami naukowymi oraz współpracą międzynarodową.",Wielka Brytania,Exeter,50.736111111,-3.535000000,https://www.exeter.ac.uk/,http://commons.wikimedia.org/wiki/Special:FilePath/University%20of%20Exeter%20Clock%20tower.jpg,ogólny,angielski,Exeter,United Kingdom
106,951-1000,Włochy,Europa,Uniwersytet w Ferrara,"Uniwersytet w Ferrara to włoski uniwersytet o szerokim profilu kształcenia i badań z siedzibą w Ferrara. Uczelnia łączy programy humanistyczne, społeczne, przyrodnicze lub techniczne z projektami naukowymi oraz współpracą międzynarodową.",Włochy,Ferrara,44.842166666,11.616305555,http://www.unife.it,http://commons.wikimedia.org/wiki/Special:FilePath/03%20Palazzo%20di%20Renata%20di%20Francia.%20Noto%20anche%20come%20palazzo%20di%20San%20Francesco%2C%20palazzo%20Gavassini%2C%20o%20palazzo%20Pareschi.jpg,ogólny,"włoski, angielski",Bologna,Italy
424,530,Włochy,Europa,Uniwersytet w Genui,"Uniwersytet w Genui to włoski uniwersytet o szerokim profilu kształcenia i badań z siedzibą w Genoa. Uczelnia łączy programy humanistyczne, społeczne, przyrodnicze lub techniczne z projektami naukowymi oraz współpracą międzynarodową.",Włochy,Genoa,44.414853500,8.926620900,https://unige.it,http://commons.wikimedia.org/wiki/Special:FilePath/GE%20Facolta%20Lettere.jpg,ogólny,"włoski, angielski",Genoa,Italy
333,79,Wielka Brytania,Europa,Uniwersytet w Glasgow,"Uniwersytet w Glasgow to brytyjski uniwersytet o szerokim profilu kształcenia i badań. Uczelnia łączy programy humanistyczne, społeczne, przyrodnicze lub techniczne z projektami naukowymi oraz współpracą międzynarodową.",Wielka Brytania,Glasgow City,55.872222222,-4.288055555,https://gla.ac.uk/,http://commons.wikimedia.org/wiki/Special:FilePath/University%20of%20Glasgow%20Gilbert%20Scott%20Building%20-%20Feb%202008.jpg,ogólny,angielski,Glasgow,United Kingdom
107,202,Szwecja,Europa,Uniwersytet w Göteborgu,"Uniwersytet w Göteborgu to szwedzki uniwersytet o szerokim profilu kształcenia i badań. Uczelnia łączy programy humanistyczne, społeczne, przyrodnicze lub techniczne z projektami naukowymi oraz współpracą międzynarodową.",Szwecja,Gothenburg Municipality,57.698333333,11.971666666,https://www.gu.se,http://commons.wikimedia.org/wiki/Special:FilePath/G%C3%B6teborgs%20universitet%20-%20huvudbyggnaden.jpg,ogólny,"szwedzki, angielski",Gothenburg,Sweden
17,801-850,Wielka Brytania,Europa,Uniwersytet w Greenwich,"Uniwersytet w Greenwich to brytyjski uniwersytet o szerokim profilu kształcenia i badań z siedzibą w London. Uczelnia łączy programy humanistyczne, społeczne, przyrodnicze lub techniczne z projektami naukowymi oraz współpracą międzynarodową.",Wielka Brytania,London,51.484468000,-0.003979000,https://www.gre.ac.uk/,http://commons.wikimedia.org/wiki/Special:FilePath/United%20Kingdom%20-%20England%20-%20London%20-%20Greenwich%20-%20Old%20Royal%20Naval%20College.jpg,ogólny,angielski,London,United Kingdom
288,401,Hiszpania,Europa,Uniwersytet w Grenadzie,"Uniwersytet w Grenadzie to hiszpański uniwersytet o szerokim profilu kształcenia i badań z siedzibą w Granada. Uczelnia łączy programy humanistyczne, społeczne, przyrodnicze lub techniczne z projektami naukowymi oraz współpracą międzynarodową.",Hiszpania,Granada,37.184888888,-3.600944444,https://www.ugr.es,http://commons.wikimedia.org/wiki/Special:FilePath/Facultad%20de%20Ciencias%20de%20Granada.jpg,ogólny,"hiszpański, angielski",Granada,Spain
376,147,Holandia,Europa,Uniwersytet w Groningen,"Uniwersytet w Groningen to holenderski uniwersytet o szerokim profilu kształcenia i badań z siedzibą w Groningen. Uczelnia łączy programy humanistyczne, społeczne, przyrodnicze lub techniczne z projektami naukowymi oraz współpracą międzynarodową.",Holandia,Groningen,53.219166666,6.562777777,https://www.rug.nl/,http://commons.wikimedia.org/wiki/Special:FilePath/RijksUniversiteit%20Groningen%20-%20University%20of%20Groningen.jpg,ogólny,"niderlandzki, angielski",Groningen,Netherlands
35,901-950,Wielka Brytania,Europa,Uniwersytet w Hertfordshire,"Uniwersytet w Hertfordshire to brytyjski uniwersytet o szerokim profilu kształcenia i badań z siedzibą w Hatfield. Uczelnia łączy programy humanistyczne, społeczne, przyrodnicze lub techniczne z projektami naukowymi oraz współpracą międzynarodową.",Wielka Brytania,Hatfield,51.753333333,-0.243888888,https://www.herts.ac.uk/,http://commons.wikimedia.org/wiki/Special:FilePath/UHCollegeLaneCampus.jpg,ogólny,angielski,Luton,United Kingdom
150,1001-1200,Czechy,Europa,Uniwersytet w Hradec Kralove,"Uniwersytet w Hradec Kralove to czeski uniwersytet o szerokim profilu kształcenia i badań z siedzibą w Hradec Králové. Uczelnia łączy programy humanistyczne, społeczne, przyrodnicze lub techniczne z projektami naukowymi oraz współpracą międzynarodową.",Czechy,Hradec Králové,50.209880555,15.826450000,http://www.uhk.cz,http://commons.wikimedia.org/wiki/Special:FilePath/New%20building%20of%20University%20of%20Hradec%20Kralove%2C%20Czech%20Republic.jpg,ogólny,"czeski, angielski",dane krajowe (Eurostat 2020),Czech Republic
84,524,Wielka Brytania,Europa,Uniwersytet w Huddersfield,"Uniwersytet w Huddersfield to brytyjski uniwersytet o szerokim profilu kształcenia i badań z siedzibą w Huddersfield. Uczelnia łączy programy humanistyczne, społeczne, przyrodnicze lub techniczne z projektami naukowymi oraz współpracą międzynarodową.",Wielka Brytania,Huddersfield,53.643200000,-1.778370000,http://hud.ac.uk/,http://commons.wikimedia.org/wiki/Special:FilePath/Queensgate%20Campus%20Top.jpg,ogólny,angielski,Huddersfield,United Kingdom
41,526,Wielka Brytania,Europa,Uniwersytet w Hull,"Uniwersytet w Hull to brytyjski uniwersytet o szerokim profilu kształcenia i badań. Uczelnia łączy programy humanistyczne, społeczne, przyrodnicze lub techniczne z projektami naukowymi oraz współpracą międzynarodową.",Wielka Brytania,City of Kingston upon Hull,53.771670000,-0.369440000,https://www.hull.ac.uk/,http://commons.wikimedia.org/wiki/Special:FilePath/Venn%20Building%2C%20University%20of%20Hull.jpg,ogólny,angielski,Kingston upon Hull,United Kingdom
102,350,Austria,Europa,Uniwersytet w Innsbrucku,"Uniwersytet w Innsbrucku to austriacki uniwersytet o szerokim profilu kształcenia i badań z siedzibą w Innsbruck. Uczelnia łączy programy humanistyczne, społeczne, przyrodnicze lub techniczne z projektami naukowymi oraz współpracą międzynarodową.",Austria,Innsbruck,47.263055555,11.383888888,https://www.uibk.ac.at,http://commons.wikimedia.org/wiki/Special:FilePath/Hauptgeb%C3%A4ude%20der%20Universit%C3%A4t%20Innsbruck.jpg,ogólny,"niemiecki, angielski",Innsbruck,Austria
234,1001-1200,Grecja,Europa,Uniwersytet w Janinie,"Uniwersytet w Janinie to grecki uniwersytet o szerokim profilu kształcenia i badań. Uczelnia łączy programy humanistyczne, społeczne, przyrodnicze lub techniczne z projektami naukowymi oraz współpracą międzynarodową.",Grecja,Ioannina Municipality,39.620000000,20.840000000,http://www.uoi.gr/,http://commons.wikimedia.org/wiki/Special:FilePath/Uoi%20main-entrance.jpg,ogólny,"grecki, angielski",Ioannina,Greece
105,575,Niemcy,Europa,Uniwersytet w Jenie,"Uniwersytet w Jenie to niemiecki uniwersytet o szerokim profilu kształcenia i badań z siedzibą w Jena. Uczelnia łączy programy humanistyczne, społeczne, przyrodnicze lub techniczne z projektami naukowymi oraz współpracą międzynarodową.",Niemcy,Jena,50.928333333,11.582222222,https://www.uni-jena.de/,http://commons.wikimedia.org/wiki/Special:FilePath/Universit%C3%A4ts%20Hauptgeb%C3%A4ude.%20Jena.jpg,ogólny,"niemiecki, angielski",Jena,Germany
271,498,Finlandia,Europa,Uniwersytet w Jyväskylä,"Uniwersytet w Jyväskylä to fiński uniwersytet o szerokim profilu kształcenia i badań z siedzibą w Jyväskylä. Uczelnia łączy programy humanistyczne, społeczne, przyrodnicze lub techniczne z projektami naukowymi oraz współpracą międzynarodową.",Finlandia,Jyväskylä,62.236250000,25.732666666,https://www.jyu.fi/,http://commons.wikimedia.org/wiki/Special:FilePath/Jyv%C3%A4skyl%C3%A4%20-%20Agora.jpg,ogólny,"fiński, szwedzki, angielski",dane krajowe (Eurostat 2020),Finland
54,397,Wielka Brytania,Europa,Uniwersytet w Kent,"Uniwersytet w Kent to brytyjski uniwersytet o szerokim profilu kształcenia i badań z siedzibą w Kent. Uczelnia łączy programy humanistyczne, społeczne, przyrodnicze lub techniczne z projektami naukowymi oraz współpracą międzynarodową.",Wielka Brytania,Kent,51.297000000,1.069000000,https://www.kent.ac.uk,http://commons.wikimedia.org/wiki/Special:FilePath/School%20of%20Arts%20-%20UKC.JPG,ogólny,angielski,Canterbury,United Kingdom
134,697,Austria,Europa,Uniwersytet w Klagenfurcie,"Uniwersytet w Klagenfurcie to austriacki uniwersytet o szerokim profilu kształcenia i badań z siedzibą w Klagenfurt am Wörthersee. Uczelnia łączy programy humanistyczne, społeczne, przyrodnicze lub techniczne z projektami naukowymi oraz współpracą międzynarodową.",Austria,Klagenfurt am Wörthersee,46.616388888,14.265000000,https://www.aau.at/,http://commons.wikimedia.org/wiki/Special:FilePath/Aau%20luftbild.jpg,ogólny,"niemiecki, angielski",Klagenfurt,Austria
382,272,Niemcy,Europa,Uniwersytet w Kolonii,"Uniwersytet w Kolonii to niemiecki uniwersytet o szerokim profilu kształcenia i badań z siedzibą w Cologne. Uczelnia łączy programy humanistyczne, społeczne, przyrodnicze lub techniczne z projektami naukowymi oraz współpracą międzynarodową.",Niemcy,Cologne,50.928055555,6.928611111,https://uni-koeln.de,http://commons.wikimedia.org/wiki/Special:FilePath/Hauptgeb%C3%A4ude%20der%20Universit%C3%A4t%20zu%20K%C3%B6ln-5634.jpg,ogólny,"niemiecki, angielski",Cologne,Germany
438,440,Niemcy,Europa,Uniwersytet w Konstancji,"Uniwersytet w Konstancji to niemiecki uniwersytet o szerokim profilu kształcenia i badań z siedzibą w Constance. Uczelnia łączy programy humanistyczne, społeczne, przyrodnicze lub techniczne z projektami naukowymi oraz współpracą międzynarodową.",Niemcy,Constance,47.690215000,9.188100000,https://www.uni-konstanz.de/,http://commons.wikimedia.org/wiki/Special:FilePath/Gel%C3%A4nde%20der%20Universit%C3%A4t%20Konstanz%20%28renewed%29.jpg,ogólny,"niemiecki, angielski",Freiburg im Breisgau,Germany
76,86,Wielka Brytania,Europa,Uniwersytet w Leeds,"Uniwersytet w Leeds to brytyjski uniwersytet o szerokim profilu kształcenia i badań. Uczelnia łączy programy humanistyczne, społeczne, przyrodnicze lub techniczne z projektami naukowymi oraz współpracą międzynarodową.",Wielka Brytania,Leeds,53.807222222,-1.551666666,https://leeds.ac.uk/,http://commons.wikimedia.org/wiki/Special:FilePath/Parkinson%20Building%2C%20Leeds%20University%2C%20England-12Sept2010.jpg,ogólny,angielski,Leeds,United Kingdom
57,326,Wielka Brytania,Europa,Uniwersytet w Leicester,"Uniwersytet w Leicester to brytyjski uniwersytet o szerokim profilu kształcenia i badań. Uczelnia łączy programy humanistyczne, społeczne, przyrodnicze lub techniczne z projektami naukowymi oraz współpracą międzynarodową.",Wielka Brytania,Leicester,52.621388888,-1.124444444,https://le.ac.uk,http://commons.wikimedia.org/wiki/Special:FilePath/University%20of%20Leicester%20towers%202010.jpg,ogólny,angielski,Leicester,United Kingdom
336,119,Holandia,Europa,Uniwersytet w Lejdzie,"Uniwersytet w Lejdzie to holenderski uniwersytet o szerokim profilu kształcenia i badań z siedzibą w Leiden. Uczelnia łączy programy humanistyczne, społeczne, przyrodnicze lub techniczne z projektami naukowymi oraz współpracą międzynarodową.",Holandia,Leiden,52.156944444,4.485277777,https://www.universiteitleiden.nl/,http://commons.wikimedia.org/wiki/Special:FilePath/Leiden%20-%20Rapenburg%2073.jpg,ogólny,angielski,Leiden,Netherlands
356,1001-1200,Hiszpania,Europa,Uniwersytet w León,"Uniwersytet w León to hiszpański uniwersytet o szerokim profilu kształcenia i badań z siedzibą w León. Uczelnia łączy programy humanistyczne, społeczne, przyrodnicze lub techniczne z projektami naukowymi oraz współpracą międzynarodową.",Hiszpania,León,42.612100000,-5.560220000,https://www.unileon.es/,http://commons.wikimedia.org/wiki/Special:FilePath/Rectorado%20unileon.jpg,ogólny,"hiszpański, angielski",Leon,Spain
357,379,Belgia,Europa,Uniwersytet w Liège,"Uniwersytet w Liège to belgijski uniwersytet o szerokim profilu kształcenia i badań z siedzibą w Liège. Uczelnia łączy programy humanistyczne, społeczne, przyrodnicze lub techniczne z projektami naukowymi oraz współpracą międzynarodową.",Belgia,Liège,50.640833000,5.574722000,https://www.uliege.be/,http://commons.wikimedia.org/wiki/Special:FilePath/Universit%C3%A9%20de%20Li%C3%A8ge%20-%20B%C3%A2timent%20central%20A1%20-%20Place%20du%20XX%20Ao%C3%BBt%207%20-%204000%20Li%C3%A8ge.jpg,ogólny,"niderlandzki, francuski, niemiecki, angielski",Liege,Belgium
414,401,Irlandia,Europa,Uniwersytet w Limerick,"Uniwersytet w Limerick to irlandzki uniwersytet o szerokim profilu kształcenia i badań z siedzibą w Limerick. Uczelnia łączy programy humanistyczne, społeczne, przyrodnicze lub techniczne z projektami naukowymi oraz współpracą międzynarodową.",Irlandia,Limerick,52.675000000,-8.572694444,https://www.ul.ie/,http://commons.wikimedia.org/wiki/Special:FilePath/University%20of%20Limerick%20-.jpg,ogólny,angielski,Limerick,Ireland
67,1201-1400,Francja,Europa,Uniwersytet w Limoges,"Uniwersytet w Limoges to francuski uniwersytet o szerokim profilu kształcenia i badań. Uczelnia łączy programy humanistyczne, społeczne, przyrodnicze lub techniczne z projektami naukowymi oraz współpracą międzynarodową.",Francja,Limoges,45.826388888,1.258305555,https://unilim.fr,http://commons.wikimedia.org/wiki/Special:FilePath/Services%20centraux%20de%20l%27Universit%C3%A9%20de%20Limoges%20%282%29.JPG,ogólny,"francuski, angielski",dane krajowe (Eurostat 2020),France
44,801-850,Wielka Brytania,Europa,Uniwersytet w Lincoln,"Uniwersytet w Lincoln to brytyjski uniwersytet o szerokim profilu kształcenia i badań z siedzibą w Lincoln. Uczelnia łączy programy humanistyczne, społeczne, przyrodnicze lub techniczne z projektami naukowymi oraz współpracą międzynarodową.",Wielka Brytania,Lincoln,53.227910700,-0.550193300,http://www.lincoln.ac.uk/,http://commons.wikimedia.org/wiki/Special:FilePath/University%20of%20Lincoln.png,ogólny,angielski,Nottingham,United Kingdom
148,310,Szwecja,Europa,Uniwersytet w Linköping,"Uniwersytet w Linköping to szwedzki uniwersytet o szerokim profilu kształcenia i badań. Uczelnia łączy programy humanistyczne, społeczne, przyrodnicze lub techniczne z projektami naukowymi oraz współpracą międzynarodową.",Szwecja,Linköping Municipality,58.399166666,15.576944444,https://liu.se,http://commons.wikimedia.org/wiki/Special:FilePath/Link%C3%B6ping%20University%20admin%20building.jpeg,ogólny,"szwedzki, angielski",Linkoping,Sweden
224,147,Wielka Brytania,Europa,Uniwersytet w Liverpoolu,"Uniwersytet w Liverpoolu to brytyjski uniwersytet o szerokim profilu kształcenia i badań z siedzibą w Liverpool. Uczelnia łączy programy humanistyczne, społeczne, przyrodnicze lub techniczne z projektami naukowymi oraz współpracą międzynarodową.",Wielka Brytania,Liverpool,53.406000000,-2.967000000,http://www.liverpool.ac.uk,http://commons.wikimedia.org/wiki/Special:FilePath/University%20of%20Liverpool%20Building.jpg,ogólny,angielski,Liverpool,United Kingdom
48,1001-1200,Hiszpania,Europa,Uniwersytet w Lleida,"Uniwersytet w Lleida to hiszpański uniwersytet o szerokim profilu kształcenia i badań z siedzibą w Lleida. Uczelnia łączy programy humanistyczne, społeczne, przyrodnicze lub techniczne z projektami naukowymi oraz współpracą międzynarodową.",Hiszpania,Lleida,41.614765400,0.619616700,http://www.udl.cat/ca/,http://commons.wikimedia.org/wiki/Special:FilePath/Lleida-Udl5.jpg,ogólny,"kataloński, angielski",Tarragona,Spain
378,212,Szwajcaria,Europa,Uniwersytet w Lozannie,"Uniwersytet w Lozannie to szwajcarski uniwersytet o szerokim profilu kształcenia i badań z siedzibą w Lausanne. Uczelnia łączy programy humanistyczne, społeczne, przyrodnicze lub techniczne z projektami naukowymi oraz współpracą międzynarodową.",Szwajcaria,Lausanne,46.522500000,6.579444444,https://www.unil.ch/,http://commons.wikimedia.org/wiki/Special:FilePath/UNIL-p1010656.jpg,ogólny,"francuski, angielski",Lausanne,Switzerland
118,72,Szwecja,Europa,Uniwersytet w Lund,"Uniwersytet w Lund to szwedzki uniwersytet o szerokim profilu kształcenia i badań. Uczelnia łączy programy humanistyczne, społeczne, przyrodnicze lub techniczne z projektami naukowymi oraz współpracą międzynarodową.",Szwecja,Lund Municipality,55.705833333,13.193333333,https://www.lu.se,http://commons.wikimedia.org/wiki/Special:FilePath/Universitetsbyggnaden%2C%20Lund.JPG,ogólny,"szwedzki, angielski",Malmo,Sweden
366,381,Luksemburg,Europa,Uniwersytet w Luxembourg,"Uniwersytet w Luxembourg to europejski uniwersytet o szerokim profilu kształcenia i badań z siedzibą w Esch-sur-Alzette. Uczelnia łączy programy humanistyczne, społeczne, przyrodnicze lub techniczne z projektami naukowymi oraz współpracą międzynarodową.",Luksemburg,Esch-sur-Alzette,49.504250000,5.948388888,https://www.uni.lu,http://commons.wikimedia.org/wiki/Special:FilePath/University%20of%20Luxembourg.jpg,ogólny,"angielski, język lokalny",dane krajowe (Eurostat 2020),Luxembourg
360,239,Holandia,Europa,Uniwersytet w Maastricht,"Uniwersytet w Maastricht to holenderski uniwersytet o szerokim profilu kształcenia i badań z siedzibą w Maastricht. Uczelnia łączy programy humanistyczne, społeczne, przyrodnicze lub techniczne z projektami naukowymi oraz współpracą międzynarodową.",Holandia,Maastricht,50.847100000,5.686666666,https://www.maastrichtuniversity.nl/,http://commons.wikimedia.org/wiki/Special:FilePath/UM%2C%20Minderbroedersberg.jpg,ogólny,"niderlandzki, angielski",Maastricht,Netherlands
206,35,Wielka Brytania,Europa,Uniwersytet w Manchesterze,"Uniwersytet w Manchesterze to duży brytyjski uniwersytet badawczy, znany m.in. z tradycji w naukach ścisłych, inżynierii, materiałoznawstwie i medycynie. Jego skala i powiązania z miastem sprzyjają projektom interdyscyplinarnym oraz współpracy z przemysłem.",Wielka Brytania,Manchester,53.466111111,-2.231944444,https://manchester.ac.uk,http://commons.wikimedia.org/wiki/Special:FilePath/Whitworth%20Hall.jpg,ogólny,angielski,Manchester,United Kingdom
408,416,Niemcy,Europa,Uniwersytet w Mannheim,"Uniwersytet w Mannheim to niemiecki uniwersytet o szerokim profilu kształcenia i badań z siedzibą w Mannheim. Uczelnia łączy programy humanistyczne, społeczne, przyrodnicze lub techniczne z projektami naukowymi oraz współpracą międzynarodową.",Niemcy,Mannheim,49.483000000,8.461811111,https://www.uni-mannheim.de/,http://commons.wikimedia.org/wiki/Special:FilePath/Universitaet%20Mannheim%20Schloss%20Ehrenhof.jpg,ogólny,"niemiecki, angielski",Mannheim,Germany
149,901-950,Słowenia,Europa,Uniwersytet w Mariborze,"Uniwersytet w Mariborze to słoweński uniwersytet o szerokim profilu kształcenia i badań z siedzibą w Maribor. Uczelnia łączy programy humanistyczne, społeczne, przyrodnicze lub techniczne z projektami naukowymi oraz współpracą międzynarodową.",Słowenia,Maribor,46.559444444,15.644444444,http://www.um.si,http://commons.wikimedia.org/wiki/Special:FilePath/UniverzaMaribor.jpg,ogólny,"słoweński, angielski",Maribor,Slovenia
379,771-780,Irlandia,Europa,Uniwersytet w Maynooth,"Uniwersytet w Maynooth to irlandzki uniwersytet o szerokim profilu kształcenia i badań z siedzibą w Maynooth. Uczelnia łączy programy humanistyczne, społeczne, przyrodnicze lub techniczne z projektami naukowymi oraz współpracą międzynarodową.",Irlandia,Maynooth,53.383500000,-6.599600000,https://www.maynoothuniversity.ie,http://commons.wikimedia.org/wiki/Special:FilePath/MAYNOOTH%20UNIVERSITY%20LIBRARY%20FEBRUARY%202016.jpg,ogólny,angielski,Dublin,Ireland
147,741-750,Włochy,Europa,Uniwersytet w Messina,"Uniwersytet w Messina to włoski uniwersytet o szerokim profilu kształcenia i badań z siedzibą w Messina. Uczelnia łączy programy humanistyczne, społeczne, przyrodnicze lub techniczne z projektami naukowymi oraz współpracą międzynarodową.",Włochy,Messina,38.192410000,15.546110000,https://www.unime.it,http://commons.wikimedia.org/wiki/Special:FilePath/Facolt%C3%A0%20di%20Scienze%20MFN%20-%20esterno%202.jpg,ogólny,"włoski, angielski",Catania,Italy
233,1201-1400,Węgry,Europa,Uniwersytet w Miszkolcu,"Uniwersytet w Miszkolcu to węgierski uniwersytet o szerokim profilu kształcenia i badań z siedzibą w Miskolc. Uczelnia łączy programy humanistyczne, społeczne, przyrodnicze lub techniczne z projektami naukowymi oraz współpracą międzynarodową.",Węgry,Miskolc,48.079722222,20.765000000,http://www.uni-miskolc.hu,http://commons.wikimedia.org/wiki/Special:FilePath/UnivMiskolc%20Main.jpg,ogólny,"węgierski, angielski",Miskolc,Hungary
95,801-850,Włochy,Europa,Uniwersytet w Modenie i Reggio Emilia,"Uniwersytet w Modenie i Reggio Emilia to włoski uniwersytet o szerokim profilu kształcenia i badań z siedzibą w Modena. Uczelnia łączy programy humanistyczne, społeczne, przyrodnicze lub techniczne z projektami naukowymi oraz współpracą międzynarodową.",Włochy,Modena,44.644944444,10.927861111,https://www.unimore.it,,ogólny,"włoski, angielski",Modena,Italy
296,430,Francja,Europa,Uniwersytet w Montpellier,"Uniwersytet w Montpellier to francuski uniwersytet o szerokim profilu kształcenia i badań z siedzibą w Montpellier. Uczelnia łączy programy humanistyczne, społeczne, przyrodnicze lub techniczne z projektami naukowymi oraz współpracą międzynarodową.",Francja,Montpellier,43.631944444,3.863888888,http://www.umontpellier.fr/,http://commons.wikimedia.org/wiki/Special:FilePath/Montpellier%20Faculte%20medecine.jpg,ogólny,"francuski, angielski",Montpellier,France
396,350,Niemcy,Europa,Uniwersytet w Münster,"Uniwersytet w Münster to niemiecki uniwersytet o szerokim profilu kształcenia i badań z siedzibą w Münster. Uczelnia łączy programy humanistyczne, społeczne, przyrodnicze lub techniczne z projektami naukowymi oraz współpracą międzynarodową.",Niemcy,Münster,51.964000000,7.613000000,https://www.uni-muenster.de/,http://commons.wikimedia.org/wiki/Special:FilePath/M%C3%BCnster%2C%20F%C3%BCrstbisch%C3%B6fliches%20Schloss%20--%202018%20--%201930-31%20%28cropped%29.jpg,ogólny,"niemiecki, angielski",Munster,Germany
342,801-850,Belgia,Europa,Uniwersytet w Namur,"Uniwersytet w Namur to belgijski uniwersytet o szerokim profilu kształcenia i badań z siedzibą w Namur. Uczelnia łączy programy humanistyczne, społeczne, przyrodnicze lub techniczne z projektami naukowymi oraz współpracą międzynarodową.",Belgia,Namur,50.466333000,4.860361000,http://www.unamur.be,http://commons.wikimedia.org/wiki/Special:FilePath/Universit%C3%A9%20de%20Namur%20-%20rue%20de%20Bruxelles%20-%2001.jpg,ogólny,"niderlandzki, francuski, niemiecki, angielski",Liege,Belgium
81,137,Wielka Brytania,Europa,Uniwersytet w Newcastle,"Uniwersytet w Newcastle to brytyjski uniwersytet o szerokim profilu kształcenia i badań z siedzibą w Newcastle upon Tyne. Uczelnia łączy programy humanistyczne, społeczne, przyrodnicze lub techniczne z projektami naukowymi oraz współpracą międzynarodową.",Wielka Brytania,Newcastle upon Tyne,54.978000000,-1.615000000,https://www.ncl.ac.uk/,http://commons.wikimedia.org/wiki/Special:FilePath/Ncle%20Union%202012.jpg,ogólny,angielski,Middlesbrough,United Kingdom
49,1201-1400,Wielka Brytania,Europa,Uniwersytet w Northampton,"Uniwersytet w Northampton to brytyjski uniwersytet o szerokim profilu kształcenia i badań z siedzibą w Northamptonshire. Uczelnia łączy programy humanistyczne, społeczne, przyrodnicze lub techniczne z projektami naukowymi oraz współpracą międzynarodową.",Wielka Brytania,Northamptonshire,52.250641400,-0.890396900,http://www.northampton.ac.uk/,http://commons.wikimedia.org/wiki/Special:FilePath/UoN%20Newton.jpg,ogólny,angielski,Milton Keynes,United Kingdom
62,97,Wielka Brytania,Europa,Uniwersytet w Nottingham,"Uniwersytet w Nottingham to brytyjski uniwersytet o szerokim profilu kształcenia i badań z siedzibą w Nottingham. Uczelnia łączy programy humanistyczne, społeczne, przyrodnicze lub techniczne z projektami naukowymi oraz współpracą międzynarodową.",Wielka Brytania,Nottingham,52.938888888,-1.196944444,https://www.nottingham.ac.uk/,http://commons.wikimedia.org/wiki/Special:FilePath/Nottingham%2C%20Trent%20Building.jpg,ogólny,angielski,Nottingham,United Kingdom
189,1201-1400,Serbia,Europa,Uniwersytet w Nowym Sadzie,"Uniwersytet w Nowym Sadzie to serbski uniwersytet o szerokim profilu kształcenia i badań z siedzibą w Novi Sad. Uczelnia łączy programy humanistyczne, społeczne, przyrodnicze lub techniczne z projektami naukowymi oraz współpracą międzynarodową.",Serbia,Novi Sad,45.247485000,19.853974000,http://www.uns.ac.rs/,http://commons.wikimedia.org/wiki/Special:FilePath/Univerzitet%20u%20Novom%20Sadu.jpg,ogólny,"angielski, język lokalny",Novi Sad,Serbia
243,1401+,Rumunia,Europa,Uniwersytet w Oradei,"Uniwersytet w Oradei to rumuński uniwersytet o szerokim profilu kształcenia i badań z siedzibą w Oradea. Uczelnia łączy programy humanistyczne, społeczne, przyrodnicze lub techniczne z projektami naukowymi oraz współpracą międzynarodową.",Rumunia,Oradea,47.045318000,21.919742000,http://www.uoradea.ro/,http://commons.wikimedia.org/wiki/Special:FilePath/Univ%20Oradea%20-%20Corpul%20A%20%281%29.jpg,ogólny,"rumuński, angielski",Oradea,Romania
93,119,Norwegia,Europa,Uniwersytet w Oslo,"Uniwersytet w Oslo to norweski uniwersytet o szerokim profilu kształcenia i badań z siedzibą w Oslo. Uczelnia łączy programy humanistyczne, społeczne, przyrodnicze lub techniczne z projektami naukowymi oraz współpracą międzynarodową.",Norwegia,Oslo,59.939936111,10.722063888,https://www.uio.no,http://commons.wikimedia.org/wiki/Special:FilePath/The%20University%20of%20Oslo.jpg,ogólny,"norweski, angielski",Oslo,Norway
269,342,Finlandia,Europa,Uniwersytet w Oulu,"Uniwersytet w Oulu to fiński uniwersytet o szerokim profilu kształcenia i badań z siedzibą w Oulu. Uczelnia łączy programy humanistyczne, społeczne, przyrodnicze lub techniczne z projektami naukowymi oraz współpracą międzynarodową.",Finlandia,Oulu,65.066666666,25.450000000,http://www.oulu.fi,http://commons.wikimedia.org/wiki/Special:FilePath/University-of-Oulu-2010.jpg,ogólny,"fiński, szwedzki, angielski",Oulu,Finland
363,901-950,Hiszpania,Europa,Uniwersytet w Oviedo,"Uniwersytet w Oviedo to hiszpański uniwersytet o szerokim profilu kształcenia i badań z siedzibą w Oviedo. Uczelnia łączy programy humanistyczne, społeczne, przyrodnicze lub techniczne z projektami naukowymi oraz współpracą międzynarodową.",Hiszpania,Oviedo,43.361800000,-5.846300000,https://www.uniovi.es/,http://commons.wikimedia.org/wiki/Special:FilePath/Claustru%20vieyu%20de%20la%20Universid%C3%A1%20d%27Uvi%C3%A9u.jpg,ogólny,"hiszpański, angielski",Oviedo,Spain
124,801-850,Włochy,Europa,Uniwersytet w Palermo,"Uniwersytet w Palermo to włoski uniwersytet o szerokim profilu kształcenia i badań z siedzibą w Palermo. Uczelnia łączy programy humanistyczne, społeczne, przyrodnicze lub techniczne z projektami naukowymi oraz współpracą międzynarodową.",Włochy,Palermo,38.117680000,13.370131000,https://www.unipa.it/,http://commons.wikimedia.org/wiki/Special:FilePath/Facolt%C3%A0%20di%20Architettura%20a%20Palermo.jpg,ogólny,"włoski, angielski",Palermo,Italy
1,1001-1200,Włochy,Europa,Uniwersytet w Parmie,"Uniwersytet w Parmie to włoski uniwersytet o szerokim profilu kształcenia i badań z siedzibą w Parma. Uczelnia łączy programy humanistyczne, społeczne, przyrodnicze lub techniczne z projektami naukowymi oraz współpracą międzynarodową.",Włochy,Parma,44.801000000,10.328000000,https://www.unipr.it,http://commons.wikimedia.org/wiki/Special:FilePath/Palazzo%20dell%27Universit%C3%A0%20%28Parma%29%20-%20facciata%202017-04-06.jpg,ogólny,"włoski, angielski",Parma,Italy
242,721-730,Grecja,Europa,Uniwersytet w Patras,"Uniwersytet w Patras to grecki uniwersytet o szerokim profilu kształcenia i badań z siedzibą w Patras. Uczelnia łączy programy humanistyczne, społeczne, przyrodnicze lub techniczne z projektami naukowymi oraz współpracą międzynarodową.",Grecja,Patras,38.286666666,21.786388888,https://www.upatras.gr/,http://commons.wikimedia.org/wiki/Special:FilePath/University%20of%20Patras%2C%20Building%20A.JPG,ogólny,"grecki, angielski",Patra,Greece
432,423,Włochy,Europa,Uniwersytet w Pavia,"Uniwersytet w Pavia to włoski uniwersytet o szerokim profilu kształcenia i badań z siedzibą w Pavia. Uczelnia łączy programy humanistyczne, społeczne, przyrodnicze lub techniczne z projektami naukowymi oraz współpracą międzynarodową.",Włochy,Pavia,45.186750000,9.155860000,https://portale.unipv.it/it,http://commons.wikimedia.org/wiki/Special:FilePath/Aula%20magna-University-Pavia-Italy.jpg,ogólny,"włoski, angielski",Pavia,Italy
175,741-750,Węgry,Europa,Uniwersytet w Peczu,"Uniwersytet w Peczu to węgierski uniwersytet o szerokim profilu kształcenia i badań z siedzibą w Pécs. Uczelnia łączy programy humanistyczne, społeczne, przyrodnicze lub techniczne z projektami naukowymi oraz współpracą międzynarodową.",Węgry,Pécs,46.074182800,18.237722000,https://international.pte.hu/,http://commons.wikimedia.org/wiki/Special:FilePath/Rector%27s%20Office%2C%20University%20of%20P%C3%A9cs.JPG,ogólny,"węgierski, angielski",Pecs,Hungary
91,343,Włochy,Europa,Uniwersytet w Pizie,"Uniwersytet w Pizie to włoski uniwersytet o szerokim profilu kształcenia i badań z siedzibą w Pisa. Uczelnia łączy programy humanistyczne, społeczne, przyrodnicze lub techniczne z projektami naukowymi oraz współpracą międzynarodową.",Włochy,Pisa,43.716508333,10.398458333,https://www.unipi.it,http://commons.wikimedia.org/wiki/Special:FilePath/555PisaPalazzoAllaGiornata.JPG,ogólny,"włoski, angielski",Pisa,Italy
330,613,Wielka Brytania,Europa,Uniwersytet w Plymouth,"Uniwersytet w Plymouth to brytyjski uniwersytet o szerokim profilu kształcenia i badań z siedzibą w Plymouth. Uczelnia łączy programy humanistyczne, społeczne, przyrodnicze lub techniczne z projektami naukowymi oraz współpracą międzynarodową.",Wielka Brytania,Plymouth,50.374121000,-4.138512000,https://www.plymouth.ac.uk,http://commons.wikimedia.org/wiki/Special:FilePath/University%20of%20Plymouth%20Arts%20Block.jpg,ogólny,angielski,Plymouth,United Kingdom
38,1201-1400,Francja,Europa,Uniwersytet w Poitiers,"Uniwersytet w Poitiers to francuski uniwersytet o szerokim profilu kształcenia i badań z siedzibą w Poitiers. Uczelnia łączy programy humanistyczne, społeczne, przyrodnicze lub techniczne z projektami naukowymi oraz współpracą międzynarodową.",Francja,Poitiers,46.586111111,0.343888888,https://www.univ-poitiers.fr/,http://commons.wikimedia.org/wiki/Special:FilePath/H%C3%B4tel-Pinet-Poitiers.jpg,ogólny,"francuski, angielski",Nantes,France
415,237,Portugalia,Europa,Uniwersytet w Porto,"Uniwersytet w Porto to portugalski uniwersytet o szerokim profilu kształcenia i badań z siedzibą w Porto. Uczelnia łączy programy humanistyczne, społeczne, przyrodnicze lub techniczne z projektami naukowymi oraz współpracą międzynarodową.",Portugalia,Porto,41.146666670,-8.615555560,http://www.up.pt,http://commons.wikimedia.org/wiki/Special:FilePath/Cl%C3%A9rigos%20%2853939838503%29.jpg,ogólny,"portugalski, angielski",Porto,Portugal
56,635,Wielka Brytania,Europa,Uniwersytet w Portsmouth,"Uniwersytet w Portsmouth to brytyjski uniwersytet o szerokim profilu kształcenia i badań. Uczelnia łączy programy humanistyczne, społeczne, przyrodnicze lub techniczne z projektami naukowymi oraz współpracą międzynarodową.",Wielka Brytania,City of Portsmouth,50.795300000,-1.093600000,http://www.port.ac.uk,http://commons.wikimedia.org/wiki/Special:FilePath/University%20of%20Portsmouth%20Dennis%20Sciama%20building.JPG,ogólny,angielski,Portsmouth,United Kingdom
116,477,Niemcy,Europa,Uniwersytet w Potsdam,"Uniwersytet w Potsdam to niemiecki uniwersytet o szerokim profilu kształcenia i badań z siedzibą w Potsdam. Uczelnia łączy programy humanistyczne, społeczne, przyrodnicze lub techniczne z projektami naukowymi oraz współpracą międzynarodową.",Niemcy,Potsdam,52.401031400,13.011909800,https://www.uni-potsdam.de/,http://commons.wikimedia.org/wiki/Special:FilePath/Potsdam%20Sanssouci%2007-2017%20img2.jpg,ogólny,"niemiecki, angielski",Berlin,Germany
51,194,Wielka Brytania,Europa,Uniwersytet w Reading,"Uniwersytet w Reading to brytyjski uniwersytet o szerokim profilu kształcenia i badań z siedzibą w Reading. Uczelnia łączy programy humanistyczne, społeczne, przyrodnicze lub techniczne z projektami naukowymi oraz współpracą międzynarodową.",Wielka Brytania,Reading,51.441944444,-0.945555555,http://www.reading.ac.uk/,http://commons.wikimedia.org/wiki/Special:FilePath/The%20University%20of%20Reading.jpg,ogólny,angielski,Reading,United Kingdom
109,691,Niemcy,Europa,Uniwersytet w Regensburg,"Uniwersytet w Regensburg to niemiecki uniwersytet o szerokim profilu kształcenia i badań z siedzibą w Regensburg. Uczelnia łączy programy humanistyczne, społeczne, przyrodnicze lub techniczne z projektami naukowymi oraz współpracą międzynarodową.",Niemcy,Regensburg,48.999233900,12.093165800,https://www.uni-regensburg.de/,http://commons.wikimedia.org/wiki/Special:FilePath/Universit%C3%A4t%20Regensburg%20Forum.jpg,ogólny,"niemiecki, angielski",Regensburg,Germany
140,1201-1400,Chorwacja,Europa,Uniwersytet w Rijece,"Uniwersytet w Rijece to chorwacki uniwersytet o szerokim profilu kształcenia i badań z siedzibą w Rijeka. Uczelnia łączy programy humanistyczne, społeczne, przyrodnicze lub techniczne z projektami naukowymi oraz współpracą międzynarodową.",Chorwacja,Rijeka,45.325694900,14.454138400,http://www.uniri.hr/,http://commons.wikimedia.org/wiki/Special:FilePath/Filozofski%20fakultet%2C%20Rijeka.jpg,ogólny,"chorwacki, angielski",Rijeka,Croatia
111,851-900,Niemcy,Europa,Uniwersytet w Rostock,"Uniwersytet w Rostock to niemiecki uniwersytet o szerokim profilu kształcenia i badań z siedzibą w Rostock. Uczelnia łączy programy humanistyczne, społeczne, przyrodnicze lub techniczne z projektami naukowymi oraz współpracą międzynarodową.",Niemcy,Rostock,54.088133333,12.133372222,https://www.uni-rostock.de/,http://commons.wikimedia.org/wiki/Special:FilePath/Rostock%20asv2018-05%20img29%20University.jpg,ogólny,"niemiecki, angielski",Kiel,Germany
359,526,Hiszpania,Europa,Uniwersytet w Salamanca,"Uniwersytet w Salamanca to hiszpański uniwersytet o szerokim profilu kształcenia i badań z siedzibą w Salamanca. Uczelnia łączy programy humanistyczne, społeczne, przyrodnicze lub techniczne z projektami naukowymi oraz współpracą międzynarodową.",Hiszpania,Salamanca,40.961388888,-5.666666666,https://www.usal.es/,http://commons.wikimedia.org/wiki/Special:FilePath/University%20of%20Salamanca%20Fray%20Luis%20de%20Leon.jpg,ogólny,"hiszpański, angielski",Salamanca,Spain
174,1001-1200,Włochy,Europa,Uniwersytet w Salento,"Uniwersytet w Salento to włoski uniwersytet o szerokim profilu kształcenia i badań z siedzibą w Lecce. Uczelnia łączy programy humanistyczne, społeczne, przyrodnicze lub techniczne z projektami naukowymi oraz współpracą międzynarodową.",Włochy,Lecce,40.352777777,18.166388888,https://www.unisalento.it,http://commons.wikimedia.org/wiki/Special:FilePath/Paolo%20Monti%20-%20Serie%20fotografica%20%28Lecce%2C%201970%29%20-%20BEIC%206366323.jpg,ogólny,"włoski, angielski",Lecce,Italy
208,901-950,Wielka Brytania,Europa,Uniwersytet w Salford,"Uniwersytet w Salford to brytyjski uniwersytet o szerokim profilu kształcenia i badań z siedzibą w Salford. Uczelnia łączy programy humanistyczne, społeczne, przyrodnicze lub techniczne z projektami naukowymi oraz współpracą międzynarodową.",Wielka Brytania,Salford,53.484444444,-2.271388888,http://www.salford.ac.uk/,http://commons.wikimedia.org/wiki/Special:FilePath/University%20of%20Salford.jpg,ogólny,angielski,Manchester,United Kingdom
411,628,Hiszpania,Europa,Uniwersytet w Santiago de Compostela,"Uniwersytet w Santiago de Compostela to hiszpański uniwersytet o szerokim profilu kształcenia i badań z siedzibą w Santiago de Compostela. Uczelnia łączy programy humanistyczne, społeczne, przyrodnicze lub techniczne z projektami naukowymi oraz współpracą międzynarodową.",Hiszpania,Santiago de Compostela,42.888522500,-8.544972600,https://www.usc.gal/en,http://commons.wikimedia.org/wiki/Special:FilePath/Colexio%20de%20Fonseca-LimiarCulturalocal.jpg,ogólny,"hiszpański, angielski",Vigo,Spain
50,638,Hiszpania,Europa,Uniwersytet w Saragossie,"Uniwersytet w Saragossie to hiszpański uniwersytet o szerokim profilu kształcenia i badań z siedzibą w Zaragoza. Uczelnia łączy programy humanistyczne, społeczne, przyrodnicze lub techniczne z projektami naukowymi oraz współpracą międzynarodową.",Hiszpania,Zaragoza,41.642500000,-0.900000000,http://www.unizar.es/information-institution/university-information,http://commons.wikimedia.org/wiki/Special:FilePath/Edificio%20de%20las%20Antiguas%20Facultades%20de%20Medicina%20y%20Ciencias%20de%20la%20Universidad%20de%20Zaragoza%20-%20PC251497.jpg,ogólny,"hiszpański, angielski",Valladolid,Spain
176,1201-1400,Bosnia and Herzegovina,Europa,Uniwersytet w Sarajewie,"Uniwersytet w Sarajewie to bośniacki uniwersytet o szerokim profilu kształcenia i badań. Uczelnia łączy programy humanistyczne, społeczne, przyrodnicze lub techniczne z projektami naukowymi oraz współpracą międzynarodową.",Bosnia and Herzegovina,Sarajevo Canton,43.866700000,18.416700000,https://www.unsa.ba/,http://commons.wikimedia.org/wiki/Special:FilePath/Sarajevo%20University%20building.JPG,ogólny,"angielski, język lokalny",Sarajevo,Bosnia And Herzegovina
228,597,Węgry,Europa,Uniwersytet w Segedynie,"Uniwersytet w Segedynie to węgierski uniwersytet o szerokim profilu kształcenia i badań z siedzibą w Szeged. Uczelnia łączy programy humanistyczne, społeczne, przyrodnicze lub techniczne z projektami naukowymi oraz współpracą międzynarodową.",Węgry,Szeged,46.250200000,20.146100000,https://u-szeged.hu,http://commons.wikimedia.org/wiki/Special:FilePath/Szegedi%20Tudom%C3%A1nyegyetem.jpg,ogólny,"węgierski, angielski",Szeged,Hungary
367,469,Hiszpania,Europa,Uniwersytet w Sewilli,"Uniwersytet w Sewilli to hiszpański uniwersytet o szerokim profilu kształcenia i badań z siedzibą w Seville. Uczelnia łączy programy humanistyczne, społeczne, przyrodnicze lub techniczne z projektami naukowymi oraz współpracą międzynarodową.",Hiszpania,Seville,37.380757900,-5.991230700,https://www.us.es/,http://commons.wikimedia.org/wiki/Special:FilePath/Universidad%20de%20Sevilla%20001.jpg,ogólny,"hiszpański, angielski",Sevilla,Spain
72,92,Wielka Brytania,Europa,Uniwersytet w Sheffield,"Uniwersytet w Sheffield to brytyjski uniwersytet o szerokim profilu kształcenia i badań z siedzibą w Sheffield. Uczelnia łączy programy humanistyczne, społeczne, przyrodnicze lub techniczne z projektami naukowymi oraz współpracą międzynarodową.",Wielka Brytania,Sheffield,53.380722222,-1.488805555,https://www.sheffield.ac.uk/,http://commons.wikimedia.org/wiki/Special:FilePath/Sir%20Frederick%20Mappin%20Building.jpg,ogólny,angielski,Sheffield,United Kingdom
403,1201-1400,Niemcy,Europa,Uniwersytet w Siegen,"Uniwersytet w Siegen to niemiecki uniwersytet o szerokim profilu kształcenia i badań z siedzibą w Siegen. Uczelnia łączy programy humanistyczne, społeczne, przyrodnicze lub techniczne z projektami naukowymi oraz współpracą międzynarodową.",Niemcy,Siegen,50.906400000,8.028330000,https://www.uni-siegen.de/,http://commons.wikimedia.org/wiki/Special:FilePath/Universitaet%20siegen%20campus%20ar.jpg,ogólny,"niemiecki, angielski",Dortmund,Germany
13,607,Włochy,Europa,Uniwersytet w Sienie,"Uniwersytet w Sienie to włoski uniwersytet o szerokim profilu kształcenia i badań z siedzibą w Siena. Uczelnia łączy programy humanistyczne, społeczne, przyrodnicze lub techniczne z projektami naukowymi oraz współpracą międzynarodową.",Włochy,Siena,43.319166666,11.330556000,http://www.unisi.it,http://commons.wikimedia.org/wiki/Special:FilePath/Siena%2C%20palazzo%20dell%27universit%C3%A0%2001.JPG,ogólny,"włoski, angielski",Siena,Italy
139,1001-1200,Czechy,Europa,Uniwersytet w South Bohemia,"Uniwersytet w South Bohemia to czeski uniwersytet o szerokim profilu kształcenia i badań z siedzibą w České Budějovice 2. Uczelnia łączy programy humanistyczne, społeczne, przyrodnicze lub techniczne z projektami naukowymi oraz współpracą międzynarodową.",Czechy,České Budějovice 2,48.978679200,14.448514400,http://www.jcu.cz,http://commons.wikimedia.org/wiki/Special:FilePath/%C4%8C.Bud%C4%9Bjovice%2C%20rektor%C3%A1t%20JU%2004%20%28cropped%29.jpg,ogólny,"czeski, angielski",dane krajowe (Eurostat 2020),Czech Republic
69,87,Wielka Brytania,Europa,Uniwersytet w Southampton,"Uniwersytet w Southampton to brytyjski uniwersytet o szerokim profilu kształcenia i badań. Uczelnia łączy programy humanistyczne, społeczne, przyrodnicze lub techniczne z projektami naukowymi oraz współpracą międzynarodową.",Wielka Brytania,City of Southampton,50.934630000,-1.395950000,https://southampton.ac.uk/,http://commons.wikimedia.org/wiki/Special:FilePath/HartleyLibraryFront.JPG,ogólny,angielski,Southampton,United Kingdom
155,1201-1400,Chorwacja,Europa,Uniwersytet w Splicie,"Uniwersytet w Splicie to chorwacki uniwersytet o szerokim profilu kształcenia i badań z siedzibą w Split. Uczelnia łączy programy humanistyczne, społeczne, przyrodnicze lub techniczne z projektami naukowymi oraz współpracą międzynarodową.",Chorwacja,Split,43.510959000,16.468152000,https://www.unist.hr/,http://commons.wikimedia.org/wiki/Special:FilePath/Hauptgeb%C3%A4ude%20Univ%20Split.jpg,ogólny,"chorwacki, angielski",Split,Croatia
222,113,Wielka Brytania,Europa,Uniwersytet w St Andrews,"Uniwersytet w St Andrews to brytyjski uniwersytet o szerokim profilu kształcenia i badań z siedzibą w Fife. Uczelnia łączy programy humanistyczne, społeczne, przyrodnicze lub techniczne z projektami naukowymi oraz współpracą międzynarodową.",Wielka Brytania,Fife,56.341214000,-2.793011000,https://st-andrews.ac.uk,http://commons.wikimedia.org/wiki/Special:FilePath/St%20Andrews%20University%20Classics%20Building.jpg,ogólny,angielski,Edinburgh,United Kingdom
361,851-900,Norwegia,Europa,Uniwersytet w Stavanger,"Uniwersytet w Stavanger to norweski uniwersytet o szerokim profilu kształcenia i badań z siedzibą w Stavanger. Uczelnia łączy programy humanistyczne, społeczne, przyrodnicze lub techniczne z projektami naukowymi oraz współpracą międzynarodową.",Norwegia,Stavanger,58.937505555,5.697416666,https://www.uis.no/,http://commons.wikimedia.org/wiki/Special:FilePath/Campus%20ullandhaug%20MBMultimedia-110426-6239.jpg%20%28rw%20largeArt%201201%29.jpg,ogólny,"norweski, angielski",Stavanger,Norway
299,517,Wielka Brytania,Europa,Uniwersytet w Stirling,"Uniwersytet w Stirling to brytyjski uniwersytet o szerokim profilu kształcenia i badań z siedzibą w Stirling. Uczelnia łączy programy humanistyczne, społeczne, przyrodnicze lub techniczne z projektami naukowymi oraz współpracą międzynarodową.",Wielka Brytania,Stirling,56.145500000,-3.919500000,http://www.stir.ac.uk,http://commons.wikimedia.org/wiki/Special:FilePath/University%20of%20Stirling%20-%20Dormitories.jpg,ogólny,angielski,Edinburgh,United Kingdom
331,251,Wielka Brytania,Europa,Uniwersytet w Strathclyde,"Uniwersytet w Strathclyde to brytyjski uniwersytet o szerokim profilu kształcenia i badań. Uczelnia łączy programy humanistyczne, społeczne, przyrodnicze lub techniczne z projektami naukowymi oraz współpracą międzynarodową.",Wielka Brytania,Glasgow City,55.861700000,-4.241600000,https://www.strath.ac.uk/,http://commons.wikimedia.org/wiki/Special:FilePath/University%20of%20Strathclyde%20Campus.jpg,ogólny,angielski,Glasgow,United Kingdom
436,310,Niemcy,Europa,Uniwersytet w Stuttgarcie,"Uniwersytet w Stuttgarcie to niemiecki uniwersytet o szerokim profilu kształcenia i badań z siedzibą w Stuttgart. Uczelnia łączy programy humanistyczne, społeczne, przyrodnicze lub techniczne z projektami naukowymi oraz współpracą międzynarodową.",Niemcy,Stuttgart,48.781700000,9.175200000,https://www.uni-stuttgart.de,http://commons.wikimedia.org/wiki/Special:FilePath/Stuttgart%20-%20Keplerstra%C3%9Fe%207.jpg,ogólny,"niemiecki, angielski",Stuttgart,Germany
301,292,Wielka Brytania,Europa,Uniwersytet w Swansea,"Uniwersytet w Swansea to brytyjski uniwersytet o szerokim profilu kształcenia i badań z siedzibą w Swansea. Uczelnia łączy programy humanistyczne, społeczne, przyrodnicze lub techniczne z projektami naukowymi oraz współpracą międzynarodową.",Wielka Brytania,Swansea,51.609722222,-3.980555555,http://www.swansea.ac.uk/,http://commons.wikimedia.org/wiki/Special:FilePath/Great%20Hall%20at%20Swansea%20University%20Bay%20Campus.jpg,ogólny,angielski,Newport,United Kingdom
256,423,Finlandia,Europa,Uniwersytet w Tampere,"Uniwersytet w Tampere to fiński uniwersytet o szerokim profilu kształcenia i badań z siedzibą w Tampere. Uczelnia łączy programy humanistyczne, społeczne, przyrodnicze lub techniczne z projektami naukowymi oraz współpracą międzynarodową.",Finlandia,Tampere,61.449444444,23.860000000,https://www.tuni.fi,,ogólny,"fiński, szwedzki, angielski",Tampere,Finland
401,1001-1200,Portugalia,Europa,Uniwersytet w the Algarve,"Uniwersytet w the Algarve to portugalski uniwersytet o szerokim profilu kształcenia i badań z siedzibą w Faro. Uczelnia łączy programy humanistyczne, społeczne, przyrodnicze lub techniczne z projektami naukowymi oraz współpracą międzynarodową.",Portugalia,Faro,37.022400000,-7.927640000,http://www.ualg.pt/,http://commons.wikimedia.org/wiki/Special:FilePath/FaroUniversidadeEntrada.jpg,ogólny,"portugalski, angielski",Faro,Portugal
351,347,Holandia,Europa,Uniwersytet w Tilburgu,"Uniwersytet w Tilburgu to holenderski uniwersytet o szerokim profilu kształcenia i badań z siedzibą w Tilburg. Uczelnia łączy programy humanistyczne, społeczne, przyrodnicze lub techniczne z projektami naukowymi oraz współpracą międzynarodową.",Holandia,Tilburg,51.562777777,5.041944444,https://www.tilburguniversity.edu/,http://commons.wikimedia.org/wiki/Special:FilePath/Tilburg%20University.JPG,ogólny,"niderlandzki, angielski",Tilburg,Netherlands
129,751-760,Włochy,Europa,Uniwersytet w Trieste,"Uniwersytet w Trieste to włoski uniwersytet o szerokim profilu kształcenia i badań z siedzibą w Trieste. Uczelnia łączy programy humanistyczne, społeczne, przyrodnicze lub techniczne z projektami naukowymi oraz współpracą międzynarodową.",Włochy,Trieste,45.658500000,13.793180000,https://units.it,http://commons.wikimedia.org/wiki/Special:FilePath/Universit%C3%A0%20degli%20studi%20di%20Trieste%2C%20Italia.jpg,ogólny,"włoski, angielski",Trieste,Italy
98,485,Włochy,Europa,Uniwersytet w Trydencie,"Uniwersytet w Trydencie to włoski uniwersytet o szerokim profilu kształcenia i badań z siedzibą w Trento. Uczelnia łączy programy humanistyczne, społeczne, przyrodnicze lub techniczne z projektami naukowymi oraz współpracą międzynarodową.",Włochy,Trento,46.069426000,11.121117000,https://www.unitn.it,http://commons.wikimedia.org/wiki/Special:FilePath/Palazzo%20Sardagna%202016%202.jpg,ogólny,"włoski, angielski",Trento,Italy
246,366,Finlandia,Europa,Uniwersytet w Turku,"Uniwersytet w Turku to fiński uniwersytet o szerokim profilu kształcenia i badań z siedzibą w Turku. Uczelnia łączy programy humanistyczne, społeczne, przyrodnicze lub techniczne z projektami naukowymi oraz współpracą międzynarodową.",Finlandia,Turku,60.454166666,22.284722222,https://www.utu.fi/,http://commons.wikimedia.org/wiki/Special:FilePath/Turun%20yliopisto.jpg,ogólny,"fiński, szwedzki, angielski",Turku,Finland
385,1201-1400,Rosja,Europa,Uniwersytet w Tyumen,"Uniwersytet w Tyumen to rosyjski uniwersytet o szerokim profilu kształcenia i badań. Uczelnia łączy programy humanistyczne, społeczne, przyrodnicze lub techniczne z projektami naukowymi oraz współpracą międzynarodową.",Rosja,Tyumen Oblast,57.159722230,65.530555570,http://www.utmn.ru/,http://commons.wikimedia.org/wiki/Special:FilePath/Republic%20Street%209%2C%20Tyumen%20%282026-05-02%29.jpg,ogólny,"angielski, język lokalny",Tyumen,Russia
119,1001-1200,Włochy,Europa,Uniwersytet w Udine,"Uniwersytet w Udine to włoski uniwersytet o szerokim profilu kształcenia i badań z siedzibą w Udine. Uczelnia łączy programy humanistyczne, społeczne, przyrodnicze lub techniczne z projektami naukowymi oraz współpracą międzynarodową.",Włochy,Udine,46.080833333,13.211666666,https://www.uniud.it,http://commons.wikimedia.org/wiki/Special:FilePath/Udine%2C%20palazzo%20florio%2001.JPG,ogólny,"włoski, angielski",Udine,Italy
447,546,Niemcy,Europa,Uniwersytet w Ulm,"Uniwersytet w Ulm to niemiecki uniwersytet o szerokim profilu kształcenia i badań z siedzibą w Ulm. Uczelnia łączy programy humanistyczne, społeczne, przyrodnicze lub techniczne z projektami naukowymi oraz współpracą międzynarodową.",Niemcy,Ulm,48.422111111,9.953805555,https://www.uni-ulm.de/,http://commons.wikimedia.org/wiki/Special:FilePath/DE%20BW%20Ulm-Uni-West.jpg,ogólny,"niemiecki, angielski",Ulm,Germany
169,93,Szwecja,Europa,Uniwersytet w Uppsali,"Uniwersytet w Uppsali to szwedzki uniwersytet o szerokim profilu kształcenia i badań. Uczelnia łączy programy humanistyczne, społeczne, przyrodnicze lub techniczne z projektami naukowymi oraz współpracą międzynarodową.",Szwecja,Uppsala Municipality,59.857500000,17.628888888,https://www.uu.se,http://commons.wikimedia.org/wiki/Special:FilePath/Universitas%20Regia%20Upsaliensis.jpg,ogólny,"szwedzki, angielski",Uppsala,Sweden
352,103,Holandia,Europa,Uniwersytet w Utrechcie,"Uniwersytet w Utrechcie to holenderski uniwersytet o szerokim profilu kształcenia i badań z siedzibą w Utrecht. Uczelnia łączy programy humanistyczne, społeczne, przyrodnicze lub techniczne z projektami naukowymi oraz współpracą międzynarodową.",Holandia,Utrecht,52.085277777,5.175000000,https://www.uu.nl/,http://commons.wikimedia.org/wiki/Special:FilePath/Academiegebouw-utrecht-the-netherlands.png,ogólny,"niderlandzki, angielski",Utrecht,Netherlands
340,901-950,Hiszpania,Europa,Uniwersytet w Valladolid,"Uniwersytet w Valladolid to hiszpański uniwersytet o szerokim profilu kształcenia i badań z siedzibą w Valladolid. Uczelnia łączy programy humanistyczne, społeczne, przyrodnicze lub techniczne z projektami naukowymi oraz współpracą międzynarodową.",Hiszpania,Valladolid,41.652225000,-4.721396000,https://www.uva.es/,http://commons.wikimedia.org/wiki/Special:FilePath/Valladolid%20Santa%20Cruz%2020080.jpg,ogólny,"hiszpański, angielski",Valladolid,Spain
421,851-900,Hiszpania,Europa,Uniwersytet w Vigo,"Uniwersytet w Vigo to hiszpański uniwersytet o szerokim profilu kształcenia i badań z siedzibą w Vigo. Uczelnia łączy programy humanistyczne, społeczne, przyrodnicze lub techniczne z projektami naukowymi oraz współpracą międzynarodową.",Hiszpania,Vigo,42.169763200,-8.684578400,https://www.uvigo.gal/,,ogólny,"hiszpański, angielski",Vigo,Spain
39,430,Hiszpania,Europa,Uniwersytet w Walencji,"Uniwersytet w Walencji to hiszpański uniwersytet o szerokim profilu kształcenia i badań z siedzibą w Valencia. Uczelnia łączy programy humanistyczne, społeczne, przyrodnicze lub techniczne z projektami naukowymi oraz współpracą międzynarodową.",Hiszpania,Valencia,39.479051100,-0.359087300,https://www.uv.es/,http://commons.wikimedia.org/wiki/Special:FilePath/Universitat%20val%C3%A8ncia%20rectorat.jpg,ogólny,"hiszpański, angielski",Valencia,Spain
78,74,Wielka Brytania,Europa,Uniwersytet w Warwick,"Uniwersytet w Warwick to brytyjski uniwersytet o szerokim profilu kształcenia i badań z siedzibą w Coventry. Uczelnia łączy programy humanistyczne, społeczne, przyrodnicze lub techniczne z projektami naukowymi oraz współpracą międzynarodową.",Wielka Brytania,Coventry,52.380080555,-1.561930555,http://www.warwick.ac.uk/,http://commons.wikimedia.org/wiki/Special:FilePath/Warwick%20University%20House.jpg,ogólny,angielski,Coventry,United Kingdom
96,851-900,Włochy,Europa,Uniwersytet w Weronie,"Uniwersytet w Weronie to włoski uniwersytet o szerokim profilu kształcenia i badań z siedzibą w Verona. Uczelnia łączy programy humanistyczne, społeczne, przyrodnicze lub techniczne z projektami naukowymi oraz współpracą międzynarodową.",Włochy,Verona,45.436667000,11.003611000,https://www.univr.it,http://commons.wikimedia.org/wiki/Special:FilePath/SantaMartaVerona.jpg,ogólny,"włoski, angielski",Verona,Italy
32,801-850,Wielka Brytania,Europa,Uniwersytet w Westminster,"Uniwersytet w Westminster to brytyjski uniwersytet o szerokim profilu kształcenia i badań. Uczelnia łączy programy humanistyczne, społeczne, przyrodnicze lub techniczne z projektami naukowymi oraz współpracą międzynarodową.",Wielka Brytania,City of Westminster,51.516944444,-0.143055555,http://www.westminster.ac.uk,http://commons.wikimedia.org/wiki/Special:FilePath/University%20of%20Westminster%2C%20Harrow%20Campus%20-%20geograph.org.uk%20-%2098048.jpg,ogólny,angielski,London,United Kingdom
199,1001-1200,Wielka Brytania,Europa,Uniwersytet w Wolverhampton,"Uniwersytet w Wolverhampton to brytyjski uniwersytet o szerokim profilu kształcenia i badań z siedzibą w Wolverhampton. Uczelnia łączy programy humanistyczne, społeczne, przyrodnicze lub techniczne z projektami naukowymi oraz współpracą międzynarodową.",Wielka Brytania,Wolverhampton,52.587222222,-2.127222222,https://www.wlv.ac.uk/,http://commons.wikimedia.org/wiki/Special:FilePath/University%20of%20Wolverhampton%20-%20geograph.org.uk%20-%20396324.jpg,ogólny,angielski,Wolverhampton,United Kingdom
53,169,Wielka Brytania,Europa,Uniwersytet w York,"Uniwersytet w York to brytyjski uniwersytet o szerokim profilu kształcenia i badań z siedzibą w York. Uczelnia łączy programy humanistyczne, społeczne, przyrodnicze lub techniczne z projektami naukowymi oraz współpracą międzynarodową.",Wielka Brytania,York,53.946590000,-1.052500000,https://york.ac.uk/,http://commons.wikimedia.org/wiki/Special:FilePath/York%20central%20hall.jpg,ogólny,angielski,York,United Kingdom
151,701-710,Chorwacja,Europa,Uniwersytet w Zagrzebiu,"Uniwersytet w Zagrzebiu to chorwacki uniwersytet o szerokim profilu kształcenia i badań z siedzibą w Zagreb. Uczelnia łączy programy humanistyczne, społeczne, przyrodnicze lub techniczne z projektami naukowymi oraz współpracą międzynarodową.",Chorwacja,Zagreb,45.810672222,15.970097222,http://www.unizg.hr/,http://commons.wikimedia.org/wiki/Special:FilePath/University%20of%20Zagreb.jpg,ogólny,"chorwacki, angielski",Zagreb,Croatia
181,1001-1200,Słowacja,Europa,Uniwersytet w Żylinie,"Uniwersytet w Żylinie to europejski uniwersytet o szerokim profilu kształcenia i badań z siedzibą w Ĺ˝ilina. Uczelnia łączy programy humanistyczne, społeczne, przyrodnicze lub techniczne z projektami naukowymi oraz współpracą międzynarodową.",Słowacja,Žilina,49.222800000,18.740000000,https://www.uniza.sk/,http://commons.wikimedia.org/wiki/Special:FilePath/%C5%BDilinsk%C3%A1%20univerzita%20-%20Rektor%C3%A1t%20-%20Ve%C4%BEk%C3%BD%20Diel.jpg,ogólny,"słowacki, angielski",Zilina,Slovakia
231,1001-1200,Polska,Europa,Uniwersytet Warmińsko-Mazurski w Olsztynie,"Uniwersytet Warmińsko-Mazurski w Olsztynie to polski uniwersytet o szerokim profilu kształcenia i badań z siedzibą w Olsztyn. Uczelnia łączy programy humanistyczne, społeczne, przyrodnicze lub techniczne z projektami naukowymi oraz współpracą międzynarodową.",Polska,Olsztyn,53.757300000,20.461200000,http://www.uwm.edu.pl/,http://commons.wikimedia.org/wiki/Special:FilePath/Uniwersytet%20Warmi%C5%84sko-Mazurski%20w%20Olsztynie.jpg,ogólny,"polski, angielski",Olsztyn,Poland
236,271,Polska,Europa,Uniwersytet Warszawski,"Uniwersytet Warszawski to największa i jedna z najważniejszych uczelni akademickich w Polsce, z mocnym zapleczem w naukach humanistycznych, społecznych, ścisłych i przyrodniczych. Uczelnia prowadzi liczne projekty badawcze i współpracuje z partnerami międzynarodowymi, szczególnie w ramach europejskich programów naukowych.",Polska,Warsaw,52.240280555,21.019169444,https://www.uw.edu.pl/,http://commons.wikimedia.org/wiki/Special:FilePath/Warszawa%2C%20ul.%20Krakowskie%20Przedmie%C5%9Bcie%2026%2C%2028%2020170517%20001.jpg,ogólny,"polski, angielski",Warsaw,Poland
390,642,Szwajcaria,Europa,Uniwersytet we Fryburgu,"Uniwersytet we Fryburgu to szwajcarski uniwersytet o szerokim profilu kształcenia i badań z siedzibą w Fribourg. Uczelnia łączy programy humanistyczne, społeczne, przyrodnicze lub techniczne z projektami naukowymi oraz współpracą międzynarodową.",Szwajcaria,Fribourg,46.806250000,7.151738888,https://www.unifr.ch,http://commons.wikimedia.org/wiki/Special:FilePath/University%20Fribourg%20004.JPG,ogólny,"niemiecki, francuski, włoski, angielski",Fribourg,Switzerland
389,201,Niemcy,Europa,Uniwersytet we Fryburgu,"Uniwersytet we Fryburgu to szwajcarski uniwersytet o szerokim profilu kształcenia i badań z siedzibą w Fribourg. Uczelnia łączy programy humanistyczne, społeczne, przyrodnicze lub techniczne z projektami naukowymi oraz współpracą międzynarodową.",Szwajcaria,Fribourg,46.806250000,7.151738888,https://www.unifr.ch,http://commons.wikimedia.org/wiki/Special:FilePath/University%20Fribourg%20004.JPG,ogólny,"niemiecki, francuski, włoski, angielski",Fribourg,Switzerland
153,152,Austria,Europa,Uniwersytet Wiedeński,"Uniwersytet Wiedeński to austriacki uniwersytet badawczy o szerokim profilu akademickim z siedzibą w Vienna. Dzięki położeniu w dużym ośrodku miejskim uczelnia oferuje dobre warunki do współpracy z instytucjami publicznymi, firmami, organizacjami kultury i partnerami międzynarodowymi.",Austria,Vienna,48.213055555,16.359722222,https://www.univie.ac.at/,http://commons.wikimedia.org/wiki/Special:FilePath/Wien%20-%20Universit%C3%A4t%20%282%29.JPG,ogólny,"niemiecki, angielski",Vienna,Austria
267,446,Litwa,Europa,Uniwersytet Wileński,"Uniwersytet Wileński to litewski uniwersytet o szerokim profilu kształcenia i badań z siedzibą w Vilnius. Uczelnia łączy programy humanistyczne, społeczne, przyrodnicze lub techniczne z projektami naukowymi oraz współpracą międzynarodową.",Litwa,Vilnius,54.682500000,25.287222222,https://www.vu.lt/,http://commons.wikimedia.org/wiki/Special:FilePath/Senamiestis%2C%20Vilnius%2C%20Lithuania%20-%20panoramio%20%28165%29.jpg,ogólny,"litewski, angielski",Vilnius,Lithuania
258,741-750,Litwa,Europa,Uniwersytet Witolda Wielkiego,"Uniwersytet Witolda Wielkiego to litewski uniwersytet o szerokim profilu kształcenia i badań. Uczelnia łączy programy humanistyczne, społeczne, przyrodnicze lub techniczne z projektami naukowymi oraz współpracą międzynarodową.",Litwa,Kaunas City Municipality,54.898333333,23.913888888,https://www.vdu.lt,http://commons.wikimedia.org/wiki/Special:FilePath/University%20of%20Lithuania%201922.jpg,ogólny,"litewski, angielski",Kaunas,Lithuania
163,801-850,Polska,Europa,Uniwersytet Wrocławski,"Uniwersytet Wrocławski to polski uniwersytet o szerokim profilu kształcenia i badań z siedzibą w Wrocław. Uczelnia łączy programy humanistyczne, społeczne, przyrodnicze lub techniczne z projektami naukowymi oraz współpracą międzynarodową.",Polska,Wrocław,51.113611111,17.033333333,https://uwr.edu.pl/,http://commons.wikimedia.org/wiki/Special:FilePath/Wroclaw-%20Uniwersytet%20i%20Kosciol%20Uniwersytecki.jpg,ogólny,"polski, angielski",Wroclaw,Poland
279,604,Finlandia,Europa,Uniwersytet Wschodniej Finlandii,"Uniwersytet Wschodniej Finlandii to fiński uniwersytet o szerokim profilu kształcenia i badań z siedzibą w Kuopio. Uczelnia łączy programy humanistyczne, społeczne, przyrodnicze lub techniczne z projektami naukowymi oraz współpracą międzynarodową.",Finlandia,Kuopio,62.892500000,27.678300000,http://www.uef.fi,http://commons.wikimedia.org/wiki/Special:FilePath/UEF%20Carelia.jpg,ogólny,"fiński, szwedzki, angielski",dane krajowe (Eurostat 2020),Finland
337,1001-1200,Francja,Europa,Uniwersytet Zachodniej Bretanii,"Uniwersytet Zachodniej Bretanii to francuski uniwersytet o szerokim profilu kształcenia i badań. Uczelnia łączy programy humanistyczne, społeczne, przyrodnicze lub techniczne z projektami naukowymi oraz współpracą międzynarodową.",Francja,Brest,48.398890000,-4.498890000,https://www.univ-brest.fr,http://commons.wikimedia.org/wiki/Special:FilePath/Universit%C3%A9%20de%20Bretagne%20Occidentale.jpg,ogólny,"francuski, angielski",dane krajowe (Eurostat 2020),France
123,1401+,Czechy,Europa,Uniwersytet Zachodnioczeski w Pilźnie,"Uniwersytet Zachodnioczeski w Pilźnie to czeski uniwersytet o szerokim profilu kształcenia i badań z siedzibą w Plzeň. Uczelnia łączy programy humanistyczne, społeczne, przyrodnicze lub techniczne z projektami naukowymi oraz współpracą międzynarodową.",Czechy,Plzeň,49.718611111,13.353611111,https://www.zcu.cz/,http://commons.wikimedia.org/wiki/Special:FilePath/ZCU-FAV-FST-UUD1.jpg,ogólny,"czeski, angielski",dane krajowe (Eurostat 2020),Czech Republic
413,100,Szwajcaria,Europa,Uniwersytet Zuryski,"Uniwersytet Zuryski to szwajcarski uniwersytet o szerokim profilu kształcenia i badań. Uczelnia łączy programy humanistyczne, społeczne, przyrodnicze lub techniczne z projektami naukowymi oraz współpracą międzynarodową.",Szwajcaria,Zurich,47.374722222,8.548333333,https://www.uzh.ch/,http://commons.wikimedia.org/wiki/Special:FilePath/Z%C3%BCrich%20Switzerland-University-of-Zurich-Main-Building-01.jpg,ogólny,"niemiecki, francuski, włoski, angielski",Zurich,Switzerland
383,519,Rosja,Europa,Uralski Uniwersytet Federalny,"Uralski Uniwersytet Federalny to rosyjski uniwersytet publiczny o szerokiej ofercie kształcenia i zapleczu badawczym z siedzibą w Yekaterinburg. Uczelnia rozwija kierunki humanistyczne, społeczne, przyrodnicze i techniczne, a jej znaczenie często wykracza poza region, w którym działa.",Rosja,Yekaterinburg,56.844053000,60.654283000,https://urfu.ru/en/,http://commons.wikimedia.org/wiki/Special:FilePath/Ural%20State%20Technical%20University%20%28August%202022%29%20-%201.jpg,ogólny,"angielski, język lokalny",Yekaterinburg,Russia
218,721-730,Wielka Brytania,Europa,UWE Bristol,"UWE Bristol to brytyjski uniwersytet o szerokim profilu kształcenia i badań z siedzibą w Stoke Gifford. Uczelnia łączy programy humanistyczne, społeczne, przyrodnicze lub techniczne z projektami naukowymi oraz współpracą międzynarodową.",Wielka Brytania,Stoke Gifford,51.500282100,-2.548044600,https://www.uwe.ac.uk/,http://commons.wikimedia.org/wiki/Special:FilePath/Uwe.bristol.750pix.jpg,ogólny,angielski,Bristol,United Kingdom
344,194,Holandia,Europa,Vrije Universiteit Amsterdam,"Vrije Universiteit Amsterdam to holenderski uniwersytet o szerokim profilu kształcenia i badań z siedzibą w Amsterdam. Uczelnia łączy programy humanistyczne, społeczne, przyrodnicze lub techniczne z projektami naukowymi oraz współpracą międzynarodową.",Holandia,Amsterdam,52.333756800,4.865719900,https://vu.nl,http://commons.wikimedia.org/wiki/Special:FilePath/VU-campus-02.jpg,ogólny,"niderlandzki, angielski",Amsterdam,Netherlands
335,294,Belgia,Europa,Vrije Universiteit Brussel,"Vrije Universiteit Brussel to belgijski uniwersytet o szerokim profilu kształcenia i badań. Uczelnia łączy programy humanistyczne, społeczne, przyrodnicze lub techniczne z projektami naukowymi oraz współpracą międzynarodową.",Belgia,Brussels-Capital Region,50.821860000,4.393380000,https://www.vub.be/,http://commons.wikimedia.org/wiki/Special:FilePath/Renaat%20Braem%20Rectoraat%20VUB.JPG,ogólny,angielski,Brussels,Belgium
358,153,Holandia,Europa,Wageningen University & Research,"Wageningen University & Research to jeden z najważniejszych europejskich ośrodków w dziedzinie rolnictwa, żywności, środowiska i nauk o życiu. Uczelnia łączy badania akademickie z praktycznymi projektami dotyczącymi klimatu, produkcji żywności i zrównoważonego rozwoju.",Holandia,Wageningen,51.985277777,5.663666666,https://www.wur.nl/,http://commons.wikimedia.org/wiki/Special:FilePath/WUR%20forum%20building.JPG,ogólny,"niderlandzki, angielski",dane krajowe (Eurostat 2020),Netherlands
120,88,Niemcy,Europa,Wolny Uniwersytet Berliński,"Wolny Uniwersytet Berliński to niemiecka uczelnia lub szkoła wyższa o silnym profilu ekonomicznym, menedżerskim i społecznym z siedzibą w Berlin. Wyróżnia się programami związanymi z biznesem, finansami, analizą danych, administracją lub polityką publiczną, często prowadzonymi w środowisku międzynarodowym.",Niemcy,Berlin,52.454324500,13.293476800,https://www.fu-berlin.de/,http://commons.wikimedia.org/wiki/Special:FilePath/Freie%20Universitaet%20Berlin%20-%20Gebaeudekomplex%20Rost-%20und%20Silberlaube.jpg,ogólny,"niemiecki, angielski",Berlin,Germany
326,1401+,Rosja,Europa,Woroneski Uniwersytet Państwowy,"Woroneski Uniwersytet Państwowy to rosyjski uniwersytet publiczny o szerokiej ofercie kształcenia i zapleczu badawczym z siedzibą w Voronezh. Uczelnia rozwija kierunki humanistyczne, społeczne, przyrodnicze i techniczne, a jej znaczenie często wykracza poza region, w którym działa.",Rosja,Voronezh,51.655890000,39.206090000,http://www.vsu.ru/,http://commons.wikimedia.org/wiki/Special:FilePath/%D0%92%D0%93%D0%A3%202006.JPG,ogólny,"angielski, język lokalny",Voronezh,Russia
238,1201-1400,Rumunia,Europa,Zachodni Uniwersytet w Timișoarze,"Zachodni Uniwersytet w Timișoarze to rumuński uniwersytet o szerokim profilu kształcenia i badań z siedzibą w Timișoara. Uczelnia łączy programy humanistyczne, społeczne, przyrodnicze lub techniczne z projektami naukowymi oraz współpracą międzynarodową.",Rumunia,TimiČ™oara,45.747100000,21.231500000,http://www.uvt.ro/,http://commons.wikimedia.org/wiki/Special:FilePath/West%20University%20of%20Timisoara%20%281%29.jpg,ogólny,"rumuński, angielski",Timisoara,Romania
4,801-850,Szwajcaria,Europa,ZHAW – Zürcher Hochschule für Angewandte Wissenschaften,"ZHAW – Zürcher Hochschule für Angewandte Wissenschaften to szwajcarski uniwersytet o szerokim profilu kształcenia i badań. Uczelnia łączy programy humanistyczne, społeczne, przyrodnicze lub techniczne z projektami naukowymi oraz współpracą międzynarodową.",Szwajcaria,Canton of Zurich,47.496944440,8.729807000,https://www.zhaw.ch,http://commons.wikimedia.org/wiki/Special:FilePath/Technikum%20Winterthur%20%282016%29.jpg,ogólny,"niemiecki, francuski, włoski, angielski",Zurich,Switzerland
